title,link,price_now,location,discount_price,discount_percent,img_link
Jaket Pria Bolak Balik Jaket Parasut Pria Mens Jacket Windproof Jaket Pria Wanita Tahan Angin Jaket Motor Hangout Fashion Jacket M / L / XL / XXL - AX002,https://www.lazada.co.id/products/jaket-pria-bolak-balik-jaket-parasut-pria-mens-jacket-windproof-jaket-pria-wanita-tahan-angin-jaket-motor-hangout-fashion-jacket-m-l-xl-xxl-ax002-i108345388-s335323341.html?search=1,Rp99.000,Jawa Barat,Rp220.000,-55%,https://id-live-01.slatic.net/original/03672e5f8247c6539f9547a5e44718d5.jpg
Jaket Parka Taslan Waterproof - Oenzie Store,https://www.lazada.co.id/products/jaket-parka-taslan-waterproof-oenzie-store-i196852035-s394004053.html?search=1,Rp120.000,Jawa Barat,Rp225.000,-47%,https://id-test-11.slatic.net/p/895e71625120f258e4dc48399197ed6d.jpg
Jaket Jeans Denim Oversize Premium Wanita,https://www.lazada.co.id/products/jaket-jeans-denim-oversize-premium-wanita-i313335150-s460968119.html?search=1,Rp99.000,Jawa Barat,Rp275.000,-64%,none
Jaket Sweater Hoodie Polos Switer Lubang Jempol Model Ariel Jaket Model Korea Pria Mens Jacket Windproof Jaket Pria Wanita Terbaru Tahan Angin Jaket Motor Hangout Fashion Jacket M / L / XL / XXL - AX004,https://www.lazada.co.id/products/jaket-sweater-hoodie-polos-switer-lubang-jempol-model-ariel-jaket-model-korea-pria-mens-jacket-windproof-jaket-pria-wanita-terbaru-tahan-angin-jaket-motor-hangout-fashion-jacket-m-l-xl-xxl-ax004-i123559758-s335399314.html?search=1,Rp87.500,Jawa Barat,Rp190.000,-54%,none
New Tenda Jacket Jeans Denim Wanita Trendy Oversize,https://www.lazada.co.id/products/new-tenda-jacket-jeans-denim-wanita-trendy-oversize-i142925951-s424712175.html?search=1,Rp109.900,Jawa Barat,Rp175.000,-37%,none
Jaket Parasut Bolak Balik Pria,https://www.lazada.co.id/products/jaket-parasut-bolak-balik-pria-i418735380-s471958230.html?search=1,Rp80.000,Jawa Barat,Rp180.000,-56%,none
Jaket Pria Bolak Balik Jaket Bomber Polos Pria Mens Bomber Jacket Windproof Jaket Pria Wanita Tahan Angin Jaket Motor Hangout Fashion Jacket Bomber M / L / XL / XXL - AX003,https://www.lazada.co.id/products/jaket-pria-bolak-balik-jaket-bomber-polos-pria-mens-bomber-jacket-windproof-jaket-pria-wanita-tahan-angin-jaket-motor-hangout-fashion-jacket-bomber-m-l-xl-xxl-ax003-i163339390-s333776849.html?search=1,Rp99.000,Jawa Barat,Rp220.000,-55%,none
Jaket Polan - Polan Jaket Fashion Jaket Modis Wanita - Zippy Pocket - Pocket Zippy,https://www.lazada.co.id/products/jaket-polan-polan-jaket-fashion-jaket-modis-wanita-zippy-pocket-pocket-zippy-i466676134-s685332975.html?search=1,Rp52.900,Jawa Barat,Rp200.000,-74%,none
MONO JACKET FASHION-KOREAN AND CASUAL,https://www.lazada.co.id/products/mono-jacket-fashion-korean-and-casual-i375968158-s403238216.html?search=1,Rp57.000,Jawa Barat,Rp115.000,-50%,none
Jaket Bomber Jaket Pria Jaket Bomber Pria Wanita Men's Military Jacket Windproof Double Side Jaket Bolak Balik Jaket Bomber Army Loreng Size M / L / XL / XXL - AX003,https://www.lazada.co.id/products/jaket-bomber-jaket-pria-jaket-bomber-pria-wanita-mens-military-jacket-windproof-double-side-jaket-bolak-balik-jaket-bomber-army-loreng-size-m-l-xl-xxl-ax003-i192842725-s235026688.html?search=1,Rp120.000,Jawa Barat,Rp250.000,-52%,none
Forwad Jaket parasut bolak balik pria - keren,https://www.lazada.co.id/products/forwad-jaket-parasut-bolak-balik-pria-keren-i170993616-s201233765.html?search=1,Rp105.000,Jawa Barat,Rp179.000,-41%,none
JAKET SEMI PARKA - JAKET PRIA,https://www.lazada.co.id/products/jaket-semi-parka-jaket-pria-i444968432-s526814036.html?search=1,Rp75.000,Jawa Barat,Rp129.000,-42%,none
TRUCKER JAKET - JAKET PARKA CASUAL PRIA,https://www.lazada.co.id/products/trucker-jaket-jaket-parka-casual-pria-i436725044-s762302407.html?search=1,Rp75.000,Jawa Barat,Rp149.000,-50%,none
Anggun Store – Jaket Denim Wanita – Jaket Jeans Denim Wanita – Jaket Jeans Best Seller,https://www.lazada.co.id/products/anggun-store-jaket-denim-wanita-jaket-jeans-denim-wanita-jaket-jeans-best-seller-i401232200-s441603395.html?search=1,Rp105.200,DKI Jakarta,Rp280.000,-62%,none
Jaker bomber pria polos premium - Jaket bomber jumbo bigsize - Hijau - Hitam - Navy - Maroon,https://www.lazada.co.id/products/jaker-bomber-pria-polos-premium-jaket-bomber-jumbo-bigsize-hijau-hitam-navy-maroon-i101265256-s204430717.html?search=1,Rp85.000,Jawa Barat,Rp225.000,-62%,none
Jaket bomber pria polos premium - jaket pilot - jaket flight - Hitam - Navy - HIjau - Maroon,https://www.lazada.co.id/products/jaket-bomber-pria-polos-premium-jaket-pilot-jaket-flight-hitam-navy-hijau-maroon-i107037268-s108020754.html?search=1,Rp85.000,Jawa Barat,Rp185.000,-54%,none
Jaket Pria Bahan Fleece Katun Model Jaket Bomber Pria Jaket Baseball Varsity Motif Salur Rib - Jaket Varsity Jaket Pria Wanita Bahan Katun - AX001,https://www.lazada.co.id/products/jaket-pria-bahan-fleece-katun-model-jaket-bomber-pria-jaket-baseball-varsity-motif-salur-rib-jaket-varsity-jaket-pria-wanita-bahan-katun-ax001-i305625831-s306147405.html?search=1,Rp89.000,Banten,Rp195.000,-54%,none
Polan Jacket - Jaket Wanita,https://www.lazada.co.id/products/polan-jacket-jaket-wanita-i380028594-s419064904.html?search=1,Rp56.000,Jawa Barat,Rp127.000,-56%,none
TRUCKER JAKET - JAKET PARKA CASUAL PRIA,https://www.lazada.co.id/products/trucker-jaket-jaket-parka-casual-pria-i439984848-s520161489.html?search=1,Rp75.000,Jawa Barat,Rp149.000,-50%,none
Jaket Polan - Polan Jaket Fashion Jaket Modis Wanita - Zippy Pocket - Pocket Zippy,https://www.lazada.co.id/products/jaket-polan-polan-jaket-fashion-jaket-modis-wanita-zippy-pocket-pocket-zippy-i122393686-s504025003.html?search=1,Rp52.300,Jawa Barat,Rp200.000,-74%,none
jaket jeans denim wanita terbaru 2019 atasan wanita fashion trendy oversize PROMO,https://www.lazada.co.id/products/jaket-jeans-denim-wanita-terbaru-2019-atasan-wanita-fashion-trendy-oversize-promo-i430524949-s500958064.html?search=1,Rp100.000,DKI Jakarta,Rp299.500,-67%,none
Jaket pria bb bolak-bolik,https://www.lazada.co.id/products/jaket-pria-bb-bolak-bolik-i179757872-s214250666.html?search=1,Rp73.000,Indonesia,Rp100.000,-27%,none
JAKET BOLAK BALIK 2in1,https://www.lazada.co.id/products/jaket-bolak-balik-2in1-i355304387-s514906984.html?search=1,Rp70.000,Jawa Barat,,,none
Arc Jaket Bomber Polos Pria Hitam - Navy - Marun - Hijau - Gold,https://www.lazada.co.id/products/arc-jaket-bomber-polos-pria-hitam-navy-marun-hijau-gold-i9541938-s104838509.html?search=1,Rp78.000,Jawa Barat,Rp150.000,-48%,none
JAKET PARKA TASLAN PREMIUM ORY REBEEL ID -Gibranstore,https://www.lazada.co.id/products/jaket-parka-taslan-premium-ory-rebeel-id-gibranstore-i145534805-s470445281.html?search=1,Rp120.000,Jawa Barat,Rp215.000,-44%,none
Jaket Boomber Pria Force -gibranstore,https://www.lazada.co.id/products/jaket-boomber-pria-force-gibranstore-i129803341-s181708545.html?search=1,Rp120.000,Jawa Barat,Rp275.000,-56%,none
Ab Fashion Wanita - Jaket Wanita - Harga Murah - Premium Quality - Jaket Denim Terbaru 2019,https://www.lazada.co.id/products/ab-fashion-wanita-jaket-wanita-harga-murah-premium-quality-jaket-denim-terbaru-2019-i393921112-s431756888.html?search=1,Rp105.000,DKI Jakarta,Rp390.000,-73%,none
Jaket Denim Jeans Pria,https://www.lazada.co.id/products/jaket-denim-jeans-pria-i384194739-s417618096.html?search=1,Rp96.900,Jawa Barat,Rp239.000,-59%,none
POLAN JAKET - FASHION JAKET WANITA - POCKET ZIPPY,https://www.lazada.co.id/products/polan-jaket-fashion-jaket-wanita-pocket-zippy-i384780827-s423470870.html?search=1,Rp55.000,Jawa Barat,Rp119.000,-54%,none
Jaket bomber pria XUA,https://www.lazada.co.id/products/jaket-bomber-pria-xua-i180661067-s413888368.html?search=1,Rp90.000,Indonesia,Rp150.000,-40%,none
Bhl Jaket Denim Jeans  Oversize Wanita _ Bioblitz [Biru Muda] ,https://www.lazada.co.id/products/bhl-jaket-denim-jeans-oversize-wanita-_-bioblitz-biru-muda-i123581698-s129275978.html?search=1,Rp89.700,Jawa Barat,Rp297.000,-70%,none
1080Fashion JACKET JEANS AURORI,https://www.lazada.co.id/products/1080fashion-jacket-jeans-aurori-i505010800-s650974640.html?search=1,Rp57.500,DKI Jakarta,Rp62.000,-7%,none
Mono Jacket Jeans Fashion Wanita Terbaru Canvas BPS Promo,https://www.lazada.co.id/products/mono-jacket-jeans-fashion-wanita-terbaru-canvas-bps-promo-i316710032-s600204762.html?search=1,Rp53.900,Jawa Barat,Rp119.000,-55%,https://id-test-11.slatic.net/p/52228cf496668a339a481d74ba68b8db.jpg
Mark Kanvas - Jaket Semi Parka,https://www.lazada.co.id/products/mark-kanvas-jaket-semi-parka-i466830274-s567164922.html?search=1,Rp63.000,Jawa Barat,Rp119.000,-47%,https://id-test-11.slatic.net/p/e680dbb07696545827ad97092645adac.jpg
Pocket Zippy Jacket - Jaket Cewe / Jaket Wanita,https://www.lazada.co.id/products/pocket-zippy-jacket-jaket-cewe-jaket-wanita-i169388622-s400776667.html?search=1,Rp55.000,Jawa Barat,Rp127.000,-57%,https://id-live-01.slatic.net/original/8a0e5afd69f64d5ae2c5e40ad3e7d702.jpg
JAKET BOMBER PRIA - TASLAN SR - JAKET PREMIUM QUALITY,https://www.lazada.co.id/products/jaket-bomber-pria-taslan-sr-jaket-premium-quality-i420411511-s475174369.html?search=1,Rp127.500,Jawa Barat,Rp199.000,-36%,https://id-live-01.slatic.net/original/ab00d33309de6f4ef9347452cf5f2361.jpg
Forwad Jaket Parasut Bolak-Balik Navy Pria-Dark Grey,https://www.lazada.co.id/products/forwad-jaket-parasut-bolak-balik-navy-pria-dark-grey-i145376179-s160021973.html?search=1,Rp110.000,Jawa Barat,Rp189.900,-42%,https://id-test-11.slatic.net/p/2a2589ab65553bf06cd47c60b3942133.jpg
JAKET JEANS DENIM OVERSIZE WOMEN LightBlue AcidWash (Biru Gradasi Putih) PREMIUM QUALITY by Mr. X,https://www.lazada.co.id/products/jaket-jeans-denim-oversize-women-lightblue-acidwash-biru-gradasi-putih-premium-quality-by-mr-x-i161000913-s198980695.html?search=1,Rp102.900,Jawa Barat,Rp290.000,-65%,https://id-test-11.slatic.net/p/7/jaket-jeans-denim-oversize-women-lightblue-acidwash-premium-quality-by-mr-x-1815-23408727-30aba62f5a98ee0d058975b5dca2afbf-catalog_233.jpg
yrvp- Jaket Levis Denim Pria,https://www.lazada.co.id/products/yrvp-jaket-levis-denim-pria-i391203353-s427786698.html?search=1,Rp95.000,Jawa Barat,Rp250.000,-62%,https://id-test-11.slatic.net/p/8e00d415cbc501b8eb83fbd47e07b86e.jpg
PARKA NOTE - JAKET PARKA WANITA - KOREAN AND CASUAL,https://www.lazada.co.id/products/parka-note-jaket-parka-wanita-korean-and-casual-i380618960-s438825020.html?search=1,Rp55.000,Jawa Barat,Rp119.000,-54%,https://id-live-01.slatic.net/original/34d84acf2ffe4b360563da4172845898.jpg
Rieliez - Jacket Hoodie distro pria Pull & Bear.Loreng / Bayar di tempat,https://www.lazada.co.id/products/rieliez-jacket-hoodie-distro-pria-pull-bearloreng-bayar-di-tempat-i459006694-s836092343.html?search=1,Rp85.900,Jawa Barat,Rp230.000,-63%,none
Ormano Jaket Anime Ninja G Gaiden Fleece Hoodie Pria Kostum Cosplay All Size fit to M dan L Sweater Jepang Fashion Biker Pengendara Motor Jacket Hangat Resleting,https://www.lazada.co.id/products/ormano-jaket-anime-ninja-g-gaiden-fleece-hoodie-pria-kostum-cosplay-all-size-fit-to-m-dan-l-sweater-jepang-fashion-biker-pengendara-motor-jacket-hangat-resleting-i482364748-s596334232.html?search=1,Rp62.500,DKI Jakarta,Rp174.750,-64%,none
RL - Jacket Hoodie distro Pria ORIGINAL MATRAS STAY AWAY / Hoodie distro / Hoodie Pria / Jaket Pria / Jaket distro,https://www.lazada.co.id/products/rl-jacket-hoodie-distro-pria-original-matras-stay-away-hoodie-distro-hoodie-pria-jaket-pria-jaket-distro-i550824370-s770089000.html?search=1,Rp102.500,Jawa Barat,Rp265.000,-61%,none
Polan Jacket - Jaket Wanita,https://www.lazada.co.id/products/polan-jacket-jaket-wanita-i380028594-s419064904.html?search=1,Rp56.000,Jawa Barat,Rp127.000,-56%,none
Jaket Sweater Hoodie Polos Switer Lubang Jempol Model Ariel Jaket Model Korea Pria Mens Jacket Windproof Jaket Pria Wanita Terbaru Tahan Angin Jaket Motor Hangout Fashion Jacket M / L / XL / XXL - AX004,https://www.lazada.co.id/products/jaket-sweater-hoodie-polos-switer-lubang-jempol-model-ariel-jaket-model-korea-pria-mens-jacket-windproof-jaket-pria-wanita-terbaru-tahan-angin-jaket-motor-hangout-fashion-jacket-m-l-xl-xxl-ax004-i123559758-s335399314.html?search=1,Rp87.500,Jawa Barat,Rp190.000,-54%,none
Jaket Pria Bolak Balik Jaket Parasut Pria Mens Jacket Windproof Jaket Pria Wanita Tahan Angin Jaket Motor Hangout Fashion Jacket M / L / XL / XXL - AX002,https://www.lazada.co.id/products/jaket-pria-bolak-balik-jaket-parasut-pria-mens-jacket-windproof-jaket-pria-wanita-tahan-angin-jaket-motor-hangout-fashion-jacket-m-l-xl-xxl-ax002-i108345388-s335323341.html?search=1,Rp99.000,Jawa Barat,Rp220.000,-55%,none
Rieliez - Jacket Hoodie distro pria Huf.Japan / Jaket distro murah / Jaket terlaris,https://www.lazada.co.id/products/rieliez-jacket-hoodie-distro-pria-hufjapan-jaket-distro-murah-jaket-terlaris-i452888079-s835074782.html?search=1,Rp85.200,Jawa Barat,Rp225.000,-62%,none
Rieliez - Jacket Hoodie distro pria Stussy.Hitam tudung putih / jaket pria terlaris/ jaket pria distro murah,https://www.lazada.co.id/products/rieliez-jacket-hoodie-distro-pria-stussyhitam-tudung-putih-jaket-pria-terlaris-jaket-pria-distro-murah-i452856722-s835212186.html?search=1,Rp84.900,Jawa Barat,Rp225.000,-62%,none
Rieliez - Jacket Hoodie distro pria UH. Flower / Bayar di tempat,https://www.lazada.co.id/products/rieliez-jacket-hoodie-distro-pria-uh-flower-bayar-di-tempat-i471672722-s576776379.html?search=1,Rp85.000,Jawa Barat,Rp230.000,-63%,none
Rieliez - Jacket Hoodie distro Pria Shining.Bright satu / Hoodie Pria / Jaket Pria / Hoodie distro / Jaket Murah,https://www.lazada.co.id/products/rieliez-jacket-hoodie-distro-pria-shiningbright-satu-hoodie-pria-jaket-pria-hoodie-distro-jaket-murah-i516884238-s708812437.html?search=1,Rp77.200,Jawa Barat,Rp225.000,-66%,none
MONO JACKET FASHION-KOREAN AND CASUAL,https://www.lazada.co.id/products/mono-jacket-fashion-korean-and-casual-i375968158-s403238216.html?search=1,Rp57.000,Jawa Barat,Rp115.000,-50%,none
Jaket Bomber Jaket Pria Jaket Bomber Pria Wanita Men's Military Jacket Windproof Double Side Jaket Bolak Balik Jaket Bomber Army Loreng Size M / L / XL / XXL - AX003,https://www.lazada.co.id/products/jaket-bomber-jaket-pria-jaket-bomber-pria-wanita-mens-military-jacket-windproof-double-side-jaket-bolak-balik-jaket-bomber-army-loreng-size-m-l-xl-xxl-ax003-i192842725-s235026688.html?search=1,Rp120.000,Jawa Barat,Rp250.000,-52%,none
Ahha Anak 8 12 Tahun Hustle Hoodie Sweater Jacket Hypebeast Atta Halilintar Kualitas Premium Harga Grosir Cuci Gudang,https://www.lazada.co.id/products/ahha-anak-8-12-tahun-hustle-hoodie-sweater-jacket-hypebeast-atta-halilintar-kualitas-premium-harga-grosir-cuci-gudang-i540550095-s747012638.html?search=1,Rp100.000,Jawa Barat,,,none
FMV - Jaket jeans Wanita / Jacket / Blazer cewek / JAket Jeans Wanita Premium ZARRA Polos,https://www.lazada.co.id/products/fmv-jaket-jeans-wanita-jacket-blazer-cewek-jaket-jeans-wanita-premium-zarra-polos-i498682776-s793390008.html?search=1,Rp79.000,Indonesia,Rp159.000,-50%,none
Arc Jaket Bomber Polos Pria Hitam - Navy - Marun - Hijau - Gold,https://www.lazada.co.id/products/arc-jaket-bomber-polos-pria-hitam-navy-marun-hijau-gold-i9541938-s104838509.html?search=1,Rp78.000,Jawa Barat,Rp150.000,-48%,none
JACKET ZIPPER GRAB BIKE BELAKANG POLOS - Jaket ^Grab^ Motor,https://www.lazada.co.id/products/jacket-zipper-grab-bike-belakang-polos-jaket-grab-motor-i431647261-s502863469.html?search=1,Rp134.900,DKI Jakarta,Rp170.000,-21%,none
Mono Loreng Jacket - Jaket Wanita,https://www.lazada.co.id/products/mono-loreng-jacket-jaket-wanita-i374238941-s400986297.html?search=1,Rp58.000,Jawa Barat,Rp130.000,-55%,none
Mark Jacket - Kemeja Semi Parka Pria,https://www.lazada.co.id/products/mark-jacket-kemeja-semi-parka-pria-i453776268-s539156629.html?search=1,Rp57.000,Jawa Barat,Rp130.000,-56%,none
Rieliez - Jacket Hoodie distro Pria UH.sinyal / Bayar di tempat,https://www.lazada.co.id/products/rieliez-jacket-hoodie-distro-pria-uhsinyal-bayar-di-tempat-i471660993-s576762718.html?search=1,Rp91.000,Jawa Barat,Rp230.000,-60%,none
Ahha Anak 8 12 Tahun List Garis Hoodie Sweater Jacket Hypebeast Atta Halilintar Kualitas Premium Harga Grosir Cuci Gudang,https://www.lazada.co.id/products/ahha-anak-8-12-tahun-list-garis-hoodie-sweater-jacket-hypebeast-atta-halilintar-kualitas-premium-harga-grosir-cuci-gudang-i540532526-s747014486.html?search=1,Rp100.000,Jawa Barat,,,none
ImmoShop15 Jacket Hoodie Sweater BlackTipe Varian Warna / Hoodie Pria / Sweater Pria / Jaket Pria / Kemeja Pria / Hoodie Premium / Jaket Premium / Hoodie Hype / Hoodie Kekinian / Jaket Kekinian / Jaket Jumbo / Jaket Wanita / Jaket Zaman Now / Hoodie Cowok,https://www.lazada.co.id/products/immoshop15-jacket-hoodie-sweater-blacktipe-varian-warna-hoodie-pria-sweater-pria-jaket-pria-kemeja-pria-hoodie-premium-jaket-premium-hoodie-hype-hoodie-kekinian-jaket-kekinian-jaket-jumbo-jaket-wanita-jaket-zaman-now-hoodie-cowok-i500206288-s632210627.html?search=1,Rp52.900,DKI Jakarta,Rp150.000,-65%,none
Eugene Jacket - Kemeja Semi Parka Pria,https://www.lazada.co.id/products/eugene-jacket-kemeja-semi-parka-pria-i420714090-s643404006.html?search=1,Rp81.500,Jawa Barat,Rp225.000,-64%,none
RL -Jacket Hoodie distro Pria ORi Matras #Mount / Hoodie Pria / Hoodie distro / Hoodie ORIGINAL / Jaket Pria / Jaket distro / Jaket Original,https://www.lazada.co.id/products/rl-jacket-hoodie-distro-pria-ori-matras-mount-hoodie-pria-hoodie-distro-hoodie-original-jaket-pria-jaket-distro-jaket-original-i542336446-s750470427.html?search=1,Rp105.500,Jawa Barat,Rp245.000,-57%,none
JACKET HOODIE // SWEATER PRIA Dan Wanita MODERN TERBARU & TERMURAH,https://www.lazada.co.id/products/jacket-hoodie-sweater-pria-dan-wanita-modern-terbaru-termurah-i519956290-s716878306.html?search=1,Rp79.200,DKI Jakarta,Rp198.000,-60%,none
Misterdom Jacket Denim Men's Black Sandwash // GRATIS ONGKIR,https://www.lazada.co.id/products/misterdom-jacket-denim-mens-black-sandwash-gratis-ongkir-i353735986-s368894674.html?search=1,Rp120.000,Jawa Barat,Rp250.000,-52%,none
Ferisha store jaket levis keren,https://www.lazada.co.id/products/ferisha-store-jaket-levis-keren-i418656682-s471687440.html?search=1,Rp120.000,Jawa Barat,Rp340.000,-65%,none
1080Fashion JACKET JEANS AURORI,https://www.lazada.co.id/products/1080fashion-jacket-jeans-aurori-i505010800-s650974640.html?search=1,Rp57.500,DKI Jakarta,Rp62.000,-7%,none
DNA Jaket Bomber Jeans Pria - Jaket Bomber Bordir Pria,https://www.lazada.co.id/products/dna-jaket-bomber-jeans-pria-jaket-bomber-bordir-pria-i436934195-s514542228.html?search=1,Rp132.000,Indonesia,Rp185.000,-29%,none
F&F Jacket Kara Jeans V7A,https://www.lazada.co.id/products/ff-jacket-kara-jeans-v7a-i502142944-s637980364.html?search=1,Rp91.000,DKI Jakarta,Rp128.000,-29%,none
Paling Laris!!! Premium Jacket Jeans Levis Cowok Pria,https://www.lazada.co.id/products/paling-laris-premium-jacket-jeans-levis-cowok-pria-i440180170-s520248916.html?search=1,Rp100.000,Jawa Barat,Rp140.000,-29%,none
Avengers Endgame 4 Hoodie Casual Hooded Coat Men Women Quantum Suit 3D Printing Hoodies Sweatshirt Cosplay Sweater Jacket Coat,https://www.lazada.co.id/products/avengers-endgame-4-hoodie-casual-hooded-coat-men-women-quantum-suit-3d-printing-hoodies-sweatshirt-cosplay-sweater-jacket-coat-i518574474-s713960544.html?search=1,Rp122.000,Tiongkok,Rp168.000,-27%,none
Jacket PUBG TAD Men Coat Military jaket pria jaket bravo jaket winter,https://www.lazada.co.id/products/jacket-pubg-tad-men-coat-military-jaket-pria-jaket-bravo-jaket-winter-i378029389-s407087929.html?search=1,Rp230.000,Jawa Barat,Rp300.000,-23%,none
New Tenda Jacket Jeans Denim Wanita Trendy Oversize,https://www.lazada.co.id/products/new-tenda-jacket-jeans-denim-wanita-trendy-oversize-i142925951-s424712175.html?search=1,Rp109.900,Jawa Barat,Rp175.000,-37%,https://id-live-01.slatic.net/original/2ee73a0f6c470057c964206f05baf6c7.jpg
Wanita Korea Jaket Denim Wanita Pendek Jaket Longgar,https://www.lazada.co.id/products/wanita-korea-jaket-denim-wanita-pendek-jaket-longgar-i494318972-s617812721.html?search=1,Rp199.000,Tiongkok,Rp245.000,-19%,https://my-test-11.slatic.net/p/7f5d546b5a22c38dffa6808f47a291bd.jpg
Jaket Pria Bolak Balik Jaket Bomber Polos Pria Mens Bomber Jacket Windproof Jaket Pria Wanita Tahan Angin Jaket Motor Hangout Fashion Jacket Bomber M / L / XL / XXL - AX003,https://www.lazada.co.id/products/jaket-pria-bolak-balik-jaket-bomber-polos-pria-mens-bomber-jacket-windproof-jaket-pria-wanita-tahan-angin-jaket-motor-hangout-fashion-jacket-bomber-m-l-xl-xxl-ax003-i163339390-s333776849.html?search=1,Rp99.000,Jawa Barat,Rp220.000,-55%,https://id-live-01.slatic.net/original/c9ac151ee265d1fff72df888f776f9f7.jpg
SS Bomber Aragon / Jaket Bomber / Jaket Gunung / Jaket Bomber Pria / Jaket Kanvas / Bomber Pria / Bomber Jacket / Jaket Pria keren / Jaket Korea / Jaket Pria Jumbo / Jaket Pria terbaru 2019 / Jaket Tebal,https://www.lazada.co.id/products/ss-bomber-aragon-jaket-bomber-jaket-gunung-jaket-bomber-pria-jaket-kanvas-bomber-pria-bomber-jacket-jaket-pria-keren-jaket-korea-jaket-pria-jumbo-jaket-pria-terbaru-2019-jaket-tebal-i569572724-s808010097.html?search=1,Rp125.000,Jawa Barat,Rp220.000,-43%,https://id-test-11.slatic.net/p/f891aae2ed7e14edf749106c115319da.jpg
Elfs Shop - Jaket Pria Hoodie Jumper Training Fleece List,https://www.lazada.co.id/products/elfs-shop-jaket-pria-hoodie-jumper-training-fleece-list-i354518103-s370081304.html?search=1,Rp85.000,DKI Jakarta,,,https://id-live-01.slatic.net/original/1dc0a8bb001c772a08caa9ee2d81ac15.jpg
Pocket Zippy Jacket - Jaket Cewe / Jaket Wanita,https://www.lazada.co.id/products/pocket-zippy-jacket-jaket-cewe-jaket-wanita-i169388622-s400776667.html?search=1,Rp55.000,Jawa Barat,Rp127.000,-57%,https://id-live-01.slatic.net/original/8a0e5afd69f64d5ae2c5e40ad3e7d702.jpg
Jaket Jeans Pria,https://www.lazada.co.id/products/jaket-jeans-pria-i141906875-s153660999.html?search=1,Rp80.500,DKI Jakarta,Rp185.500,-57%,https://id-test-11.slatic.net/p/c5acd92230377dcba12e4488d27da8f9.jpg
Jacket sweater slank,https://www.lazada.co.id/products/jacket-sweater-slank-i505040748-s651070091.html?search=1,Rp79.200,DKI Jakarta,Rp168.000,-53%,https://id-test-11.slatic.net/p/5b364c0a9ebe867ada1ab7250e799649.jpg
Giordano Men Washed denim cargo jacket [Free Shipping] 01078644,https://www.lazada.co.id/products/giordano-men-washed-denim-cargo-jacket-free-shipping-01078644-i389246444-s424488187.html?search=1,Rp444.000,Tiongkok,Rp972.000,-54%,none
Giordano Men Denim Jacket Slim Fit Trucker Jacket For Men Enzyme Washed Jackets [Free Shipping] 01077788,https://www.lazada.co.id/products/giordano-men-denim-jacket-slim-fit-trucker-jacket-for-men-enzyme-washed-jackets-free-shipping-01077788-i376866839-s404642857.html?search=1,Rp364.000,Tiongkok,Rp1.071.000,-66%,none
TRAVAIL ROVER FIELD JACKET,https://www.lazada.co.id/products/travail-rover-field-jacket-i525222125-s724286959.html?search=1,Rp420.000,Jawa Barat,,,none
JACKET HOODIE // SWEATER PRIA Dan Wanita MODERN TERBARU & TERMURAH,https://www.lazada.co.id/products/jacket-hoodie-sweater-pria-dan-wanita-modern-terbaru-termurah-i516224746-s705314842.html?search=1,Rp79.200,DKI Jakarta,Rp186.000,-57%,none
Demeis Pria Pullover Berkerudung Hangat Hoodie Kasual Jaket Mantel Switer untuk Pria,https://www.lazada.co.id/products/demeis-pria-pullover-berkerudung-hangat-hoodie-kasual-jaket-mantel-switer-untuk-pria-i512180667-s686394186.html?search=1,Rp119.000,Tiongkok,Rp168.000,-29%,none
Jacket Sweater Hoodie / Jaket Wanita /  Jaket Hoodie / Jaket Wanita / Jaket Pria / Jaket Hoodie Jumper - Pink,https://www.lazada.co.id/products/jacket-sweater-hoodie-jaket-wanita-jaket-hoodie-jaket-wanita-jaket-pria-jaket-hoodie-jumper-pink-i484858181-s599654600.html?search=1,Rp85.000,DKI Jakarta,Rp200.000,-58%,none
JACKET ZIPPER BTS LOVE YOURSELF WORLD TOUR,https://www.lazada.co.id/products/jacket-zipper-bts-love-yourself-world-tour-i451450607-s536060265.html?search=1,Rp129.999,Indonesia,,,none
Big Sale Men/Women Waterproof Windbreaker Jacket Hoodie Casual Sports Outwear Coat,https://www.lazada.co.id/products/big-sale-menwomen-waterproof-windbreaker-jacket-hoodie-casual-sports-outwear-coat-i407665862-s450822188.html?search=1,Rp95.000,Tiongkok,Rp138.000,-31%,none
Vest Jacket Variation Padobran / Rompi / Sleeveles,https://www.lazada.co.id/products/vest-jacket-variation-padobran-rompi-sleeveles-i504886612-s650642968.html?search=1,Rp179.400,Jawa Barat,Rp299.000,-40%,none
Daveriad Jaket Denim Classic Pria,https://www.lazada.co.id/products/daveriad-jaket-denim-classic-pria-i152822903-s600862848.html?search=1,Rp129.900,Jawa Barat,Rp300.000,-57%,none
Promo COD - Jaket Ghost Black Waterproof Tahan Air dan Angin Brand Distro Terbaru Tersedia 2 Warna,https://www.lazada.co.id/products/promo-cod-jaket-ghost-black-waterproof-tahan-air-dan-angin-brand-distro-terbaru-tersedia-2-warna-i502148758-s638002003.html?search=1,Rp180.000,Jawa Barat,Rp360.000,-50%,none
Jaket Pasangan Modis Jaket Garis Desain Mantel Ukuran Besar M-5XL,https://www.lazada.co.id/products/jaket-pasangan-modis-jaket-garis-desain-mantel-ukuran-besar-m-5xl-i367958178-s391070666.html?search=1,Rp228.423,Tiongkok,Rp450.000,-49%,none
Jaket Mono Wanita  Korean Fashion Style Jacket - Pink Dusty,https://www.lazada.co.id/products/jaket-mono-wanita-korean-fashion-style-jacket-pink-dusty-i513590380-s694234342.html?search=1,Rp53.900,Jawa Barat,Rp200.000,-73%,none
Giordano Men Windbreaker Ultra Thin Hooded Light Weight Jacket Banded Cuffs Slant Pocket Outdoor Jacket [Free Shipping] 01079001,https://www.lazada.co.id/products/giordano-men-windbreaker-ultra-thin-hooded-light-weight-jacket-banded-cuffs-slant-pocket-outdoor-jacket-free-shipping-01079001-i443834032-s525025150.html?search=1,Rp392.000,Tiongkok,Rp740.000,-47%,none
Jaket Motor Mantel Kamuflase Jaket Plus Ukuran Ramping M-5XL (Hijau Tentara)-Internasional,https://www.lazada.co.id/products/jaket-motor-mantel-kamuflase-jaket-plus-ukuran-ramping-m-5xl-hijau-tentara-internasional-i166336998-s357857730.html?search=1,Rp237.715,Tiongkok,Rp450.000,-47%,none
Giordano BSX Men VON letter applique denim jacket [Free Shipping] 04078050,https://www.lazada.co.id/products/giordano-bsx-men-von-letter-applique-denim-jacket-free-shipping-04078050-i409324115-s454210897.html?search=1,Rp688.000,Tiongkok,Rp1.508.000,-54%,none
DNA Jaket Jeans Rocavela Premium - Jaket Jeans Denim Pria,https://www.lazada.co.id/products/dna-jaket-jeans-rocavela-premium-jaket-jeans-denim-pria-i546016689-s756912642.html?search=1,Rp137.000,Indonesia,Rp179.500,-24%,none
Misterdom Jacket Oversize Woman Best Seller- Bioblitz,https://www.lazada.co.id/products/misterdom-jacket-oversize-woman-best-seller-bioblitz-i355822509-s371780583.html?search=1,Rp112.900,Jawa Barat,Rp220.000,-49%,none
daveriad Women's Boyfriend Denim Jacket Long Sleeve Loose Jean Jacket Coats,https://www.lazada.co.id/products/daveriad-womens-boyfriend-denim-jacket-long-sleeve-loose-jean-jacket-coats-i402227673-s443103516.html?search=1,Rp119.900,Jawa Barat,Rp229.000,-48%,none
aket Pria Bolak Balik Jaket Parasut Pria Mens Jacket Windproof Jaket Pria Wanita Tahan Angin Jaket Motor Hangout Fashion Jacket Jaket gunung pria windbreaker bolak balik-x urban,https://www.lazada.co.id/products/aket-pria-bolak-balik-jaket-parasut-pria-mens-jacket-windproof-jaket-pria-wanita-tahan-angin-jaket-motor-hangout-fashion-jacket-jaket-gunung-pria-windbreaker-bolak-balik-x-urban-i586176840-s828260751.html?search=1,Rp138.000,Jawa Barat,Rp220.000,-37%,none
Rieliez - Jacket Hoodie distro Pria Shining Bright.baris / Bayar di tempat,https://www.lazada.co.id/products/rieliez-jacket-hoodie-distro-pria-shining-brightbaris-bayar-di-tempat-i471698028-s576762765.html?search=1,Rp87.000,Jawa Barat,Rp225.000,-61%,none
[Stok Tersedia] Fashion Sport Pria Hoodie Tanpa Lengan Berisleting Jaket Rompi Mantel Tops Mantel Berkerudung,https://www.lazada.co.id/products/stok-tersedia-fashion-sport-pria-hoodie-tanpa-lengan-berisleting-jaket-rompi-mantel-tops-mantel-berkerudung-i488786229-s605784583.html?search=1,Rp103.404,,Rp205.774,-50%,none
F&F Jacket BomberThenator / Bomber Hoodie Thenator / Jacket Bomber Pria / Atasan Pria P03R,https://www.lazada.co.id/products/ff-jacket-bomberthenator-bomber-hoodie-thenator-jacket-bomber-pria-atasan-pria-p03r-i563190718-s796590747.html?search=1,Rp109.000,DKI Jakarta,Rp225.000,-52%,none
F&F Jacket Jeans Nirina Acid V7A,https://www.lazada.co.id/products/ff-jacket-jeans-nirina-acid-v7a-i502154634-s637970856.html?search=1,Rp88.000,DKI Jakarta,Rp108.000,-19%,none
Grandwish DROP Shipping Fashion Klasik Mantel Hitam/Abu-abu Lengan Panjang Pria Jaket Warna Solid M-3XL,https://www.lazada.co.id/products/grandwish-drop-shipping-fashion-klasik-mantel-hitamabu-abu-lengan-panjang-pria-jaket-warna-solid-m-3xl-i389458275-s425029919.html?search=1,Rp160.000,Tiongkok,Rp300.000,-47%,none
Jaket Under Armo - Jacket Varsity  Black,https://www.lazada.co.id/products/jaket-under-armo-jacket-varsity-black-i500778959-s633884822.html?search=1,Rp94.900,DKI Jakarta,Rp315.000,-70%,none
Jacket Jeans Wnita Oversize - Jaket Denim Wanita Trendy Oversize Biru Biowash,https://www.lazada.co.id/products/jacket-jeans-wnita-oversize-jaket-denim-wanita-trendy-oversize-biru-biowash-i492384027-s614000380.html?search=1,Rp119.500,Jawa Barat,Rp185.000,-35%,none
Polan Jacket Loreng - Jaket Wanita,https://www.lazada.co.id/products/polan-jacket-loreng-jaket-wanita-i398084528-s437048785.html?search=1,Rp60.000,Jawa Barat,Rp128.000,-53%,none
JACKET BOMBER ORIGINAL MOTZ,https://www.lazada.co.id/products/jacket-bomber-original-motz-i418867390-s472249770.html?search=1,Rp134.500,Indonesia,Rp275.000,-51%,none
Paling Laris!!! Premium Jacket Jeans Levis Cowok Pria Maroon - Army,https://www.lazada.co.id/products/paling-laris-premium-jacket-jeans-levis-cowok-pria-maroon-army-i503696960-s644856182.html?search=1,Rp109.900,Jawa Barat,Rp150.000,-27%,none
Big Sale Men Slim Fit Stand Collar Hoodie Casual Coat Hooded Jacket Outwear Tops,https://www.lazada.co.id/products/big-sale-men-slim-fit-stand-collar-hoodie-casual-coat-hooded-jacket-outwear-tops-i407667674-s450819526.html?search=1,Rp140.000,Tiongkok,Rp198.000,-29%,none
Rieliez - Jacket Hoodie distro pria Huf. segitiga / Bayar di tempat,https://www.lazada.co.id/products/rieliez-jacket-hoodie-distro-pria-huf-segitiga-bayar-di-tempat-i471684433-s576780256.html?search=1,Rp87.500,Jawa Barat,Rp230.000,-62%,none
3D Printing Space Galaxy Wolf Graphics Sweatshirt Jacket Pullover Hoodie Sweater,https://www.lazada.co.id/products/3d-printing-space-galaxy-wolf-graphics-sweatshirt-jacket-pullover-hoodie-sweater-i405365637-s447042176.html?search=1,Rp143.200,Tiongkok,Rp214.800,-33%,https://my-live-02.slatic.net/original/ae80c9ffcc3c2bd425fef19b32cf3fa8.jpg
Casual Parka Jacket - Kemeja Semi Parka Pria,https://www.lazada.co.id/products/casual-parka-jacket-kemeja-semi-parka-pria-i417848252-s643384548.html?search=1,Rp78.000,Jawa Barat,Rp160.000,-51%,https://id-test-11.slatic.net/p/c0aa5f78b96b5a765ba3a7d5a0b96edd.jpg
Rieliez - Jacket Hoodie distro Pria Stussi Bendera / Bayar di tempat,https://www.lazada.co.id/products/rieliez-jacket-hoodie-distro-pria-stussi-bendera-bayar-di-tempat-i467840039-s832182711.html?search=1,Rp93.000,Jawa Barat,Rp245.000,-62%,https://id-test-11.slatic.net/p/8f8f94dda836e9169c19837ddc120ae7.jpg
Jaket Eiger Premium - Jacket Varsity Eiger - Jaket Baseball Eiger - Fashion Casual Distro86,https://www.lazada.co.id/products/jaket-eiger-premium-jacket-varsity-eiger-jaket-baseball-eiger-fashion-casual-distro86-i503342456-s643530090.html?search=1,Rp119.900,DKI Jakarta,Rp315.000,-62%,https://id-test-11.slatic.net/p/62744d2153a5536bc31b20eafc9fc1ac.jpg
Blowi Jacket - Jaket Wanita,https://www.lazada.co.id/products/blowi-jacket-jaket-wanita-i398177075-s437154455.html?search=1,Rp60.000,Jawa Barat,Rp137.000,-56%,https://id-test-11.slatic.net/p/896edc8735704c7a192fe685c93a447b.jpg
BPS OverSize Two Tone Jacket Wanita Sweater Original Termurah,https://www.lazada.co.id/products/bps-oversize-two-tone-jacket-wanita-sweater-original-termurah-i482600565-s596696585.html?search=1,Rp100.000,Jawa Barat,Rp150.000,-33%,https://id-test-11.slatic.net/p/229810ec47cc440fb19a72ac5e759caf.jpg
Mono Jacket Jeans Style Canvas Wanita  Korean Fashion Style Jacket,https://www.lazada.co.id/products/mono-jacket-jeans-style-canvas-wanita-korean-fashion-style-jacket-i513598217-s694214859.html?search=1,Rp54.900,Jawa Barat,Rp200.000,-73%,https://id-test-11.slatic.net/p/12ae507d89e9641f6ae699d68c5137d1.jpg
[FLASH SALE] Verboten Jaket Pria Bolak Balik Mens Jacket Double Layer Hoodie - Premium Mayer and Fleece - Motif,https://www.lazada.co.id/products/flash-sale-verboten-jaket-pria-bolak-balik-mens-jacket-double-layer-hoodie-premium-mayer-and-fleece-motif-i141650004-s383543150.html?search=1,Rp59.000,Jawa Barat,Rp130.000,-55%,https://id-live-01.slatic.net/original/116477fa0b6925d200870c7a44933653.jpg
Rieliez - Jacket Hoodie distro Pria AHHA. Rose / Jaket terpopuler 2019 / Bayar di tempat,https://www.lazada.co.id/products/rieliez-jacket-hoodie-distro-pria-ahha-rose-jaket-terpopuler-2019-bayar-di-tempat-i498264700-s626592153.html?search=1,Rp93.000,Jawa Barat,Rp225.000,-59%,none
"Jaket Sweater Hoodie Anime Naruto Style Jacket New Ninja Anbu Uchiha Rikudou (JA NRT 101, 102, 103, 104) Best Seller - Black",https://www.lazada.co.id/products/jaket-sweater-hoodie-anime-naruto-style-jacket-new-ninja-anbu-uchiha-rikudou-ja-nrt-101-102-103-104-best-seller-black-i174443619-s206311906.html?search=1,Rp125.000,Jawa Barat,Rp275.000,-55%,none
RD Stylish Men Double Oblique Zipper Casual Slim Jacket Unique Thicken Warm Coat,https://www.lazada.co.id/products/rd-stylish-men-double-oblique-zipper-casual-slim-jacket-unique-thicken-warm-coat-i413366117-s461132807.html?search=1,Rp125.000,Tiongkok,Rp178.000,-30%,none
Happen Jacket Loreng - Jaket Camouflage Pria dan Wanita,https://www.lazada.co.id/products/happen-jacket-loreng-jaket-camouflage-pria-dan-wanita-i411078748-s456910402.html?search=1,Rp60.000,Jawa Barat,Rp150.000,-60%,none
Autumn new hooded sweatshirt men stripes stitching sets of sports jacket,https://www.lazada.co.id/products/autumn-new-hooded-sweatshirt-men-stripes-stitching-sets-of-sports-jacket-i126428756-s132941590.html?search=1,Rp145.000,Tiongkok,Rp174.000,-17%,none
Termurah Terlaris  JACKET HOODIE EMINEM NO LOVE ( Termurah,https://www.lazada.co.id/products/termurah-terlaris-jacket-hoodie-eminem-no-love-termurah-i562190583-s794746978.html?search=1,Rp158.400,Lampung,,,none
uf-shop PROMO JAKET POLOS HITAM HOODIE! JACKET SWEATER POLOSAN MURAH TERMURAH!,https://www.lazada.co.id/products/uf-shop-promo-jaket-polos-hitam-hoodie-jacket-sweater-polosan-murah-termurah-i538778666-s743826358.html?search=1,Rp105.000,DKI Jakarta,Rp190.000,-45%,none
Rieliez - Jacket Hoodie distro Pria THXNSMN.simple / Bayar di tempat,https://www.lazada.co.id/products/rieliez-jacket-hoodie-distro-pria-thxnsmnsimple-bayar-di-tempat-i471670647-s576764549.html?search=1,Rp85.000,Jawa Barat,Rp230.000,-63%,none
Lux Jacket - Kemeja Semi Parka Pria,https://www.lazada.co.id/products/lux-jacket-kemeja-semi-parka-pria-i435310534-s520104265.html?search=1,Rp82.500,Jawa Barat,Rp180.000,-54%,none
Giordano Beau Monde Men Baseball collar quilted jacket [Free Shipping] 13078707,https://www.lazada.co.id/products/giordano-beau-monde-men-baseball-collar-quilted-jacket-free-shipping-13078707-i401629819-s442214799.html?search=1,Rp768.000,Tiongkok,Rp1.228.000,-37%,none
Ishowmall Pria Kardigan Kimono Jepang Jaket Modis Mantel Atasan Baggy Lebih Tahan Dr,https://www.lazada.co.id/products/ishowmall-pria-kardigan-kimono-jepang-jaket-modis-mantel-atasan-baggy-lebih-tahan-dr-i431517288-s502447786.html?search=1,Rp110.000,Tiongkok,Rp220.000,-50%,none
Rieliez - Jacket Hoodie distro pria Shining Bright. daun / Bayar di tempat,https://www.lazada.co.id/products/rieliez-jacket-hoodie-distro-pria-shining-bright-daun-bayar-di-tempat-i471676620-s576754822.html?search=1,Rp85.000,Jawa Barat,Rp240.000,-65%,none
Camel Outdoor Soft Pakaian Shell Anti Pilling Jaket Hangat Bulu Pria Bidang Tahan Angin Kerah Antistatik Soft Shell Jaket,https://www.lazada.co.id/products/camel-outdoor-soft-pakaian-shell-anti-pilling-jaket-hangat-bulu-pria-bidang-tahan-angin-kerah-antistatik-soft-shell-jaket-i393363588-s431010604.html?search=1,Rp450.000,Tiongkok,Rp565.000,-20%,none
Varsity Baseball Jacket Polos - Blue Navy / Dongker,https://www.lazada.co.id/products/varsity-baseball-jacket-polos-blue-navy-dongker-i133226866-s146857364.html?search=1,Rp145.000,DKI Jakarta,Rp255.000,-43%,none
Yonkers Merch Denim Jacket Men's - Dilan 1990 Series - Light Blue,https://www.lazada.co.id/products/yonkers-merch-denim-jacket-mens-dilan-1990-series-light-blue-i181876105-s216949794.html?search=1,Rp108.500,Jawa Barat,Rp280.000,-61%,none
Unta Pria Bisbol Kerah Pria Jaket Bomber Warna Solid Fashion Remaja Pria Jaket Versi Korea Tipis,https://www.lazada.co.id/products/unta-pria-bisbol-kerah-pria-jaket-bomber-warna-solid-fashion-remaja-pria-jaket-versi-korea-tipis-i392578444-s429829762.html?search=1,Rp797.000,Tiongkok,Rp900.000,-11%,none
Lightnice Pria Ringan Slim Kasual Ritsleting Depan Jaket Golf Pakaian Olahraga Outdoor Mantel,https://www.lazada.co.id/products/lightnice-pria-ringan-slim-kasual-ritsleting-depan-jaket-golf-pakaian-olahraga-outdoor-mantel-i419967666-s474263535.html?search=1,Rp120.000,Tiongkok,Rp239.900,-50%,none
Jaket Eiger Premium - Jacket Varsity - Jaket Baseball,https://www.lazada.co.id/products/jaket-eiger-premium-jacket-varsity-jaket-baseball-i500786826-s633920016.html?search=1,Rp119.900,DKI Jakarta,Rp315.000,-62%,none
BPS - Parka Wanita Hoodie Pocket Zipper Simple Elegant (BEST SELLER),https://www.lazada.co.id/products/bps-parka-wanita-hoodie-pocket-zipper-simple-elegant-best-seller-i145216058-s165409539.html?search=1,Rp59.600,Jawa Barat,Rp120.000,-50%,none
Toko Sumber Rejeki Jeans - Jaket Jeans Jumbo / Jaket Denim Pria Big Size / Jaket Jeans Big Size / Jaket Jeans Pria / Jaket Jeans XXL XXXL XXXXL / Jacket Denim / Fashion Pria / Fashion Jacket / Denim / Atasan Jaket Pria / Jaket Jins Jumbo / Jaket Big Size,https://www.lazada.co.id/products/toko-sumber-rejeki-jeans-jaket-jeans-jumbo-jaket-denim-pria-big-size-jaket-jeans-big-size-jaket-jeans-pria-jaket-jeans-xxl-xxxl-xxxxl-jacket-denim-fashion-pria-fashion-jacket-denim-atasan-jaket-pria-jaket-jins-jumbo-jaket-big-size-i408612989-s452469097.html?search=1,Rp178.789,Jawa Timur,Rp238.000,-25%,none
Jaket Kamuflase untuk Pria Paruh Baya Jaket Tipis Mantel Jaket Kenyamanan Youth M-4XL,https://www.lazada.co.id/products/jaket-kamuflase-untuk-pria-paruh-baya-jaket-tipis-mantel-jaket-kenyamanan-youth-m-4xl-i109943920-s111890095.html?search=1,Rp228.609,Tiongkok,Rp400.000,-43%,none
Rieliez - Jacket Hoodie distro pria UH. Kotak kotak / Bayar di tempat,https://www.lazada.co.id/products/rieliez-jacket-hoodie-distro-pria-uh-kotak-kotak-bayar-di-tempat-i471690289-s576766649.html?search=1,Rp93.000,Jawa Barat,Rp230.000,-60%,none
Rieliez - Jacket Hoodie distro Pria Huf. Daun / Bayar di tempat,https://www.lazada.co.id/products/rieliez-jacket-hoodie-distro-pria-huf-daun-bayar-di-tempat-i471682259-s576740943.html?search=1,Rp82.500,Jawa Barat,Rp225.000,-63%,none
howfashion JACKET JEANS AURORI,https://www.lazada.co.id/products/howfashion-jacket-jeans-aurori-i418437142-s471138783.html?search=1,Rp57.000,Indonesia,Rp105.000,-46%,none
Rieliez - Jacket Hoodie distro Pria 420.daun/ Hoodie Pria / Hoodie Distro / Jaket Pria / Jaket Murah,https://www.lazada.co.id/products/rieliez-jacket-hoodie-distro-pria-420daun-hoodie-pria-hoodie-distro-jaket-pria-jaket-murah-i520500617-s718088333.html?search=1,Rp85.000,Jawa Barat,Rp250.000,-66%,none
Lijiangangstore 2019 Unisex Remaja Wajah Tersenyum Fashion Tudung Bermotif Jaket Baju Santai Pullover,https://www.lazada.co.id/products/lijiangangstore-2019-unisex-remaja-wajah-tersenyum-fashion-tudung-bermotif-jaket-baju-santai-pullover-i440276030-s520285243.html?search=1,Rp116.000,,Rp209.000,-45%,none
Men Korean Version of The Retro Sweater Leisure Sports Cardigan Fleece Zipper Jacket,https://www.lazada.co.id/products/men-korean-version-of-the-retro-sweater-leisure-sports-cardigan-fleece-zipper-jacket-i388603062-s423704282.html?search=1,Rp126.400,Tiongkok,Rp214.880,-41%,none
RL - Jacket Hoodie distro pria ORIGINAL MATRAS Finger/ Hoodie distro / Hoodie ORIGINAL / jaket ORIGINAL / Jaket distro,https://www.lazada.co.id/products/rl-jacket-hoodie-distro-pria-original-matras-finger-hoodie-distro-hoodie-original-jaket-original-jaket-distro-i546762037-s758438348.html?search=1,Rp104.000,Jawa Barat,Rp225.000,-54%,none
Musim Semi Jaket Denim Menhip Hop Streetwear Jaket Jeans Kasual untuk Pria Bagian Dada Tunggal Jaket Denim,https://www.lazada.co.id/products/musim-semi-jaket-denim-menhip-hop-streetwear-jaket-jeans-kasual-untuk-pria-bagian-dada-tunggal-jaket-denim-i490188923-s609480270.html?search=1,Rp189.000,Tiongkok,Rp233.000,-19%,none
Pria Keren Bordir Blazer Kasual Berkerah Warna Yang Sesuai dengan Ritsleting Lengan Panjang Jaket,https://www.lazada.co.id/products/pria-keren-bordir-blazer-kasual-berkerah-warna-yang-sesuai-dengan-ritsleting-lengan-panjang-jaket-i551804208-s773738085.html?search=1,Rp127.000,Tiongkok,Rp203.200,-38%,none
Giordano Men Reversible bomber jacket [Free Shipping] 01078633,https://www.lazada.co.id/products/giordano-men-reversible-bomber-jacket-free-shipping-01078633-i376973176-s404837918.html?search=1,Rp624.000,Tiongkok,Rp1.484.000,-58%,none
Jacket Sweater Hoodie / Jaket Wanita /  Jaket Hoodie / Jaket Wanita / Jaket Pria / Jaket Hoodie Jumper - Biru Muda,https://www.lazada.co.id/products/jacket-sweater-hoodie-jaket-wanita-jaket-hoodie-jaket-wanita-jaket-pria-jaket-hoodie-jumper-biru-muda-i484854027-s599638849.html?search=1,Rp85.000,DKI Jakarta,Rp200.000,-58%,none
Grandwish Pria Jaket Kerja Kasual Mantel Pemuda Jaket Berukuran Besar M-5XL,https://www.lazada.co.id/products/grandwish-pria-jaket-kerja-kasual-mantel-pemuda-jaket-berukuran-besar-m-5xl-i363673456-s383319157.html?search=1,Rp271.975,Tiongkok,Rp550.000,-51%,https://my-live-02.slatic.net/original/09ec80b28304737f390510f56e2fff25.jpg
JACKET ZIPPER BTS BT21 TATA MANG SHOOKY SONIC YOUTH,https://www.lazada.co.id/products/jacket-zipper-bts-bt21-tata-mang-shooky-sonic-youth-i451496835-s775098787.html?search=1,Rp129.999,Indonesia,,,https://id-test-11.slatic.net/p/2d47c7eb18ea00eebf08ac584c2be974.jpg
Pria Kasual Jaket Bisbol Lengan Panjang Mantel Tipis Pas Baju Luaran Tipis Mantel untuk Musim Semi Musim Gugur,https://www.lazada.co.id/products/pria-kasual-jaket-bisbol-lengan-panjang-mantel-tipis-pas-baju-luaran-tipis-mantel-untuk-musim-semi-musim-gugur-i418628588-s471608689.html?search=1,Rp131.000,Tiongkok,Rp196.500,-33%,https://my-live-02.slatic.net/original/0e1fab0bf4a0fefc261b4a0ea040f4bf.jpg
Daveriad Jaket Denim Classic Oversize Wanita,https://www.lazada.co.id/products/daveriad-jaket-denim-classic-oversize-wanita-i159228278-s422455425.html?search=1,Rp95.000,Jawa Barat,Rp179.900,-47%,https://id-live-01.slatic.net/original/cde4d302d935cbc1535ffab034202837.jpg
Pria Jaket Musim Semi Jaket Bertudung Longgar Jaket Kasual,https://www.lazada.co.id/products/pria-jaket-musim-semi-jaket-bertudung-longgar-jaket-kasual-i498790530-s628128659.html?search=1,Rp222.000,Tiongkok,Rp332.000,-33%,https://my-test-11.slatic.net/p/0ee8165187f797ce3b681b11cb49941d.jpg
Jaket Motor Mantel Kamuflase Jaket Plus Ukuran Ramping M-5XL (Merah)-Internasional,https://www.lazada.co.id/products/jaket-motor-mantel-kamuflase-jaket-plus-ukuran-ramping-m-5xl-merah-internasional-i166339722-s194075384.html?search=1,Rp237.715,Tiongkok,Rp450.000,-47%,https://id-test-11.slatic.net/p/7/grandwish-men-motor-coat-camouflage-jacket-plus-size-slim-m-5xl-red-intl-4795-67715797-29de4dbeaf3f3ca4850f26c9479243bc-catalog_233.jpg
Giordano Men G-Motion reflective printed polar fleeced hooded jacket [Free Shipping] 01078852,https://www.lazada.co.id/products/giordano-men-g-motion-reflective-printed-polar-fleeced-hooded-jacket-free-shipping-01078852-i401643450-s442233514.html?search=1,Rp520.000,Tiongkok,Rp1.228.000,-58%,https://id-test-11.slatic.net/p/b2cd576c9202ee9cbbc8f7051b6d570f.jpg
jaket Sleveless Hoodie Zipper Jacket vest Rompi Kerudung Tanpa Lengan,https://www.lazada.co.id/products/jaket-sleveless-hoodie-zipper-jacket-vest-rompi-kerudung-tanpa-lengan-i303908346-s303925958.html?search=1,Rp80.000,Indonesia,,,https://id-live-01.slatic.net/original/412d4449361c8ba22371e7465244aab3.jpg
Jacket Sweater Hoodie / Jaket Wanita /  Jaket Hoodie / Jaket Wanita / Jaket Pria / Jaket Hoodie Jumper - Kuning,https://www.lazada.co.id/products/jacket-sweater-hoodie-jaket-wanita-jaket-hoodie-jaket-wanita-jaket-pria-jaket-hoodie-jumper-kuning-i484776542-s599648296.html?search=1,Rp85.000,DKI Jakarta,Rp200.000,-58%,none
Kesukaanqube Explosion Assassin S Creed sweater Miring Ritsleting Jaket Bertudung Hitam Merah-Intl,https://www.lazada.co.id/products/kesukaanqube-explosion-assassin-s-creed-sweater-miring-ritsleting-jaket-bertudung-hitam-merah-intl-i108338193-s109968634.html?search=1,Rp145.000,Hong Kong SAR Tiongkok,Rp290.000,-50%,none
Rieliez - Jacket Hoodie distro Pria Bloods.Eagle / Hoodie Pria / Hoodie distro / Jaket Pria / Jaket Murah,https://www.lazada.co.id/products/rieliez-jacket-hoodie-distro-pria-bloodseagle-hoodie-pria-hoodie-distro-jaket-pria-jaket-murah-i525190274-s724226354.html?search=1,Rp86.500,Jawa Barat,Rp225.000,-62%,none
Mono Jaket Fashion,https://www.lazada.co.id/products/mono-jaket-fashion-i145905024-s456382521.html?search=1,Rp57.000,Jawa Barat,Rp130.000,-56%,none
RL - Jacket Hoodie distro Pria ORIGINAL MATRAS WINGS / Hoodie distro / Jaket Distro / Jaket ORIGINAL,https://www.lazada.co.id/products/rl-jacket-hoodie-distro-pria-original-matras-wings-hoodie-distro-jaket-distro-jaket-original-i546754106-s758386867.html?search=1,Rp102.500,Jawa Barat,Rp225.000,-54%,none
LesCopines Men Jacket Casual Denim Jacket Minimalist Spring Autumn Outwear,https://www.lazada.co.id/products/lescopines-men-jacket-casual-denim-jacket-minimalist-spring-autumn-outwear-i409144240-s453844412.html?search=1,Rp268.000,Tiongkok,Rp868.000,-69%,none
2018 Baru Tampan Tren Dicuci Hip Hop Pakaian Denim Musim Gugur Lubang Longgar Jaket Denim Pria,https://www.lazada.co.id/products/2018-baru-tampan-tren-dicuci-hip-hop-pakaian-denim-musim-gugur-lubang-longgar-jaket-denim-pria-i410511101-s455734103.html?search=1,Rp225.000,Tiongkok,Rp319.000,-29%,none
Giordano Men Solid multi-pocket hooded jacket [Free Shipping] 01077798,https://www.lazada.co.id/products/giordano-men-solid-multi-pocket-hooded-jacket-free-shipping-01077798-i376878626-s404668362.html?search=1,Rp704.000,Tiongkok,Rp1.584.000,-56%,none
JACKET HOODIE // SWEATER PRIA & Wanita MODERN TERBARU & TERMURAH.,https://www.lazada.co.id/products/jacket-hoodie-sweater-pria-wanita-modern-terbaru-termurah-i533224173-s733906805.html?search=1,Rp62.000,DKI Jakarta,Rp198.000,-69%,none
Ahha Anak 8-12 Tahun Hoodie Jacket Hypebeast Atta Halilintar Premium Quality,https://www.lazada.co.id/products/ahha-anak-8-12-tahun-hoodie-jacket-hypebeast-atta-halilintar-premium-quality-i518038866-s712652077.html?search=1,Rp100.000,Jawa Barat,,,none
jaket  kulit pria bomber semi kulit terlaris,https://www.lazada.co.id/products/jaket-kulit-pria-bomber-semi-kulit-terlaris-i502776125-s639952276.html?search=1,Rp80.000,Indonesia,Rp160.000,-50%,none
Rieliez - Jacket Hoodie distro pria Raster. Merah / Bayar di tempat,https://www.lazada.co.id/products/rieliez-jacket-hoodie-distro-pria-raster-merah-bayar-di-tempat-i471684309-s576780069.html?search=1,Rp85.000,Jawa Barat,Rp230.000,-63%,none
Vrichel Collection Jacket Jeans Liva (Dark Blue),https://www.lazada.co.id/products/vrichel-collection-jacket-jeans-liva-dark-blue-i11272192-s14267703.html?search=1,Rp78.900,DKI Jakarta,Rp175.000,-55%,none
Jaket Pria Kerah Lapel Model Tipis Bisnis (Biru Tua Warna),https://www.lazada.co.id/products/jaket-pria-kerah-lapel-model-tipis-bisnis-biru-tua-warna-i160627243-s183074859.html?search=1,Rp225.600,Tiongkok,Rp523.900,-57%,none
INCERUN Men Cardigan Long Cloak Cape Long Sleeve Irregular Casual Loose Jacket,https://www.lazada.co.id/products/incerun-men-cardigan-long-cloak-cape-long-sleeve-irregular-casual-loose-jacket-i398754872-s438440157.html?search=1,Rp124.000,Hong Kong SAR Tiongkok,Rp236.000,-47%,none
Grandwish Bisnis Mantel Jaket Kasual M-4XL,https://www.lazada.co.id/products/grandwish-bisnis-mantel-jaket-kasual-m-4xl-i391875859-s428623614.html?search=1,Rp210.000,Tiongkok,Rp400.000,-48%,none
Grandwish Pria Versi Baru Mantel Ukuran Eropa Jackcets Dicetak Jaket S-2XL,https://www.lazada.co.id/products/grandwish-pria-versi-baru-mantel-ukuran-eropa-jackcets-dicetak-jaket-s-2xl-i435747475-s512307257.html?search=1,Rp235.000,Tiongkok,Rp400.000,-41%,none
Rieliez - Jacket Hoodie distro Pria Huf.Kuning / Hoodie Pria / Hoodie distro / Jaket Pria / Jaket murah,https://www.lazada.co.id/products/rieliez-jacket-hoodie-distro-pria-hufkuning-hoodie-pria-hoodie-distro-jaket-pria-jaket-murah-i518424068-s713362691.html?search=1,Rp85.000,Jawa Barat,Rp225.000,-62%,none
Mono Jacket Jeans Fashion Wanita Terbaru Canvas BPS Promo,https://www.lazada.co.id/products/mono-jacket-jeans-fashion-wanita-terbaru-canvas-bps-promo-i316710032-s600204762.html?search=1,Rp53.900,Jawa Barat,Rp119.000,-55%,none
Mantel Katun Tebal Slimfit Pria,https://www.lazada.co.id/products/mantel-katun-tebal-slimfit-pria-i149263103-s167140949.html?search=1,Rp131.100,Tiongkok,Rp664.800,-80%,none
Rieliez - Jacket Hoodie distro Pria Raster. Hitam kuning / Bayar di tempat,https://www.lazada.co.id/products/rieliez-jacket-hoodie-distro-pria-raster-hitam-kuning-bayar-di-tempat-i457282303-s548868212.html?search=1,Rp89.700,Jawa Barat,Rp245.000,-63%,none
Rieliez - Jacket Hoodie distro Pria Shinning brightt Maroon// BAYAR DI TEMPAT,https://www.lazada.co.id/products/rieliez-jacket-hoodie-distro-pria-shinning-brightt-maroon-bayar-di-tempat-i505848537-s654628194.html?search=1,Rp89.000,Jawa Barat,Rp175.000,-49%,none
Jaket Jeans Wanita Fila M dan L biru muda blitz,https://www.lazada.co.id/products/jaket-jeans-wanita-fila-m-dan-l-biru-muda-blitz-i441875866-s522818885.html?search=1,Rp112.900,Indonesia,,,none
"Jaket Koboi, Panjang Bagian Jin Longgar Mantel Denim",https://www.lazada.co.id/products/jaket-koboi-panjang-bagian-jin-longgar-mantel-denim-i166697765-s194683854.html?search=1,Rp280.000,Tiongkok,Rp450.000,-38%,none
CD16 FLY COD BROWN FLIGHT JACKET,https://www.lazada.co.id/products/cd16-fly-cod-brown-flight-jacket-i538714172-s743442539.html?search=1,Rp250.000,Jawa Barat,,,none
Giordano BSX Men Printed color-blocking hood jacket [Free Shipping] 04077051,https://www.lazada.co.id/products/giordano-bsx-men-printed-color-blocking-hood-jacket-free-shipping-04077051-i390879330-s427343531.html?search=1,Rp416.000,Tiongkok,Rp1.181.000,-65%,none
Jaket Denim Jacket Pria Bioblitz BEST SELLER,https://www.lazada.co.id/products/jaket-denim-jacket-pria-bioblitz-best-seller-i420409866-s475282040.html?search=1,Rp116.500,Jawa Barat,Rp290.000,-60%,none
Rieliez - Jacket Hoodie distro Pria Shinning Bright Rainbow// BAYAR DI TEMPAT,https://www.lazada.co.id/products/rieliez-jacket-hoodie-distro-pria-shinning-bright-rainbow-bayar-di-tempat-i505864310-s654634806.html?search=1,Rp83.500,Jawa Barat,Rp185.000,-55%,none
Jacket Sweater Hoodie AHHA Anak,https://www.lazada.co.id/products/jacket-sweater-hoodie-ahha-anak-i537320670-s739836260.html?search=1,Rp90.900,Jawa Barat,Rp200.000,-55%,none
Rieliez - Jacket Hoodie distro Pria Dickies./ Hoodie Pria / Hoodie distro / Jaket Pria / Jaket Murah,https://www.lazada.co.id/products/rieliez-jacket-hoodie-distro-pria-dickies-hoodie-pria-hoodie-distro-jaket-pria-jaket-murah-i520534532-s718152009.html?search=1,Rp87.500,Jawa Barat,Rp225.000,-61%,none
Ukuran Plus Jaket Zipper Tanpa Lengan Jas Pria Jaket Bertudung Ritsleting Mode untuk Pria Hoodie S Jaket Rompi Kasual Musim Semi dan Musim Panas-Intl,https://www.lazada.co.id/products/ukuran-plus-jaket-zipper-tanpa-lengan-jas-pria-jaket-bertudung-ritsleting-mode-untuk-pria-hoodie-s-jaket-rompi-kasual-musim-semi-dan-musim-panas-intl-i358371286-s680548681.html?search=1,Rp148.500,Tiongkok,Rp345.000,-57%,none
Play Boy 2018 Fashion Men's Brand Slim Jacket,https://www.lazada.co.id/products/play-boy-2018-fashion-mens-brand-slim-jacket-i406079338-s448325708.html?search=1,Rp369.000,Tiongkok,Rp699.999,-47%,none
Grandwish Pria Sweatshirt Kasual Jaket Zip Desain M-4XL (hijau Tentara)-Intl,https://www.lazada.co.id/products/grandwish-pria-sweatshirt-kasual-jaket-zip-desain-m-4xl-hijau-tentara-intl-i129644608-s137314325.html?search=1,Rp264.471,Tiongkok,Rp500.000,-47%,https://id-test-11.slatic.net/p/7/grandwish-men-sweatshirt-jacket-casual-coat-zip-design-m-4xl-armygreen-intl-8752-93152514-d9c7b56d67a10fe53b078686ae156d27-catalog_233.jpg
Midie Jacket Fashion - Jaket Wanita Crop,https://www.lazada.co.id/products/midie-jacket-fashion-jaket-wanita-crop-i347179066-s361362264.html?search=1,Rp57.000,Jawa Barat,Rp127.000,-55%,https://id-live-01.slatic.net/original/dc777947506e0412053cfdc572f14608.jpg
Rieliez - Jacket Hoodie distro Pria Stussi.GrenRed / Hoodie Pria / Hoodie distro / Jaket Pria / Jaket Murah,https://www.lazada.co.id/products/rieliez-jacket-hoodie-distro-pria-stussigrenred-hoodie-pria-hoodie-distro-jaket-pria-jaket-murah-i520520214-s718096566.html?search=1,Rp86.900,Jawa Barat,Rp225.000,-61%,https://id-test-11.slatic.net/p/0d563fef8799ec1712192daa65bdd564.jpg
Grandwish Pria Jaket Warna Polos Fashion Slim M-4XL,https://www.lazada.co.id/products/grandwish-pria-jaket-warna-polos-fashion-slim-m-4xl-i363518346-s383004852.html?search=1,Rp242.976,Tiongkok,Rp500.000,-51%,https://my-live-02.slatic.net/original/eb59f83f454116b35c80cac719dbd36d.jpg
Jaket jaket pria Musim Semi dan Musim Gugur 2019 model baru musim semi pakaian pria Gaya Korea Tren pilot Jaket bisbol Mantel model tipis,https://www.lazada.co.id/products/jaket-jaket-pria-musim-semi-dan-musim-gugur-2019-model-baru-musim-semi-pakaian-pria-gaya-korea-tren-pilot-jaket-bisbol-mantel-model-tipis-i389338010-s424789858.html?search=1,Rp159.200,Tiongkok,Rp685.600,-77%,https://my-live-02.slatic.net/original/8dbcbe6e723249d5a112cc1e2c75f433.jpg
DJ221 LESS GREY RING CANVAS JACKET,https://www.lazada.co.id/products/dj221-less-grey-ring-canvas-jacket-i489098810-s606574477.html?search=1,Rp200.000,Jawa Barat,,,https://id-test-11.slatic.net/p/3aa312185d85aa74068369e32159ea30.jpg
JACKET HOODIE // SWEATER PRIA  MODERN TERBARU & TERMURAH.,https://www.lazada.co.id/products/jacket-hoodie-sweater-pria-modern-terbaru-termurah-i516250417-s705342742.html?search=1,Rp84.400,DKI Jakarta,Rp198.900,-58%,https://id-test-11.slatic.net/p/e9a1b9ee2c669e48618d088f3a335d09.jpg
Lb Jaket Baseball Pria Stand-Up Kerah Mantel Kasual Sederhana Warna Solid,https://www.lazada.co.id/products/lb-jaket-baseball-pria-stand-up-kerah-mantel-kasual-sederhana-warna-solid-i419347742-s473204352.html?search=1,Rp117.000,Tiongkok,Rp168.000,-30%,https://my-live-02.slatic.net/original/714528b4c2a8bbfbe73e6e4fdea8ad9c.jpg
