,from,to,coef
0,O,O,2.229146
1,O,B-AGE,0.503695
2,O,I-AGE,-0.512062
3,O,B-BRAND,1.044963
4,O,I-BRAND,-0.656489
5,O,B-CAMERA,-0.2192
6,O,I-CAMERA,0.041924
7,O,B-CAPACITY,0.267514
8,O,I-CAPACITY,-0.382994
9,O,B-COLOR,0.688844
10,O,I-COLOR,-0.643762
11,O,B-CPU,-0.256158
12,O,I-CPU,-0.224997
13,O,B-DIMENSION,0.741763
14,O,I-DIMENSION,-0.737472
15,O,B-DISPLAY,0.144085
16,O,I-DISPLAY,-0.184025
17,O,B-GENDER,0.812385
18,O,I-GENDER,-0.139606
19,O,B-GRAPHIC,-0.25378
20,O,I-GRAPHIC,-0.314487
21,O,B-MASS,0.547322
22,O,I-MASS,-0.517931
23,O,B-MATERIAL,1.011043
24,O,I-MATERIAL,-0.828376
25,O,B-MEMORY,-0.235336
26,O,I-MEMORY,-0.203261
27,O,B-NAME,0.376032
28,O,I-NAME,-1.064446
29,O,B-OS,0.27734
30,O,I-OS,-0.28579
31,O,B-PROCESSOR,-0.396343
32,O,I-PROCESSOR,-0.411741
33,O,B-RAM,0.820138
34,O,I-RAM,-0.35916
35,O,B-SHAPE,0.69609
36,O,I-SHAPE,-0.518935
37,O,B-SIZE,0.943525
38,O,I-SIZE,-0.614068
39,O,B-STORAGE,-0.03075
40,O,B-THEME,0.653643
41,O,I-THEME,-0.884773
42,O,B-TYPE,0.714423
43,O,I-TYPE,-1.189027
44,B-AGE,O,-0.650645
45,B-AGE,B-AGE,0.285739
46,B-AGE,I-AGE,2.818617
47,B-AGE,B-BRAND,0.112896
48,B-AGE,I-BRAND,-0.173559
49,B-AGE,B-CAMERA,-0.020609
50,B-AGE,I-CAMERA,-0.026305
51,B-AGE,B-CAPACITY,-0.096511
52,B-AGE,I-CAPACITY,-0.042209
53,B-AGE,B-COLOR,-0.526331
54,B-AGE,I-COLOR,-0.086149
55,B-AGE,B-CPU,-0.024237
56,B-AGE,I-CPU,-0.021102
57,B-AGE,B-DIMENSION,-0.214273
58,B-AGE,I-DIMENSION,-0.094395
59,B-AGE,B-DISPLAY,-0.017166
60,B-AGE,I-DISPLAY,-0.015937
61,B-AGE,B-GENDER,0.327929
62,B-AGE,I-GENDER,-0.012395
63,B-AGE,B-GRAPHIC,-0.025358
64,B-AGE,I-GRAPHIC,-0.030706
65,B-AGE,B-MASS,-0.178028
66,B-AGE,I-MASS,-0.054211
67,B-AGE,B-MATERIAL,-0.009953
68,B-AGE,I-MATERIAL,-0.118921
69,B-AGE,B-MEMORY,-0.021477
70,B-AGE,I-MEMORY,-0.016935
71,B-AGE,B-NAME,0.130614
72,B-AGE,I-NAME,-0.184246
73,B-AGE,B-OS,-0.04692
74,B-AGE,I-OS,-0.025324
75,B-AGE,B-PROCESSOR,-0.040801
76,B-AGE,I-PROCESSOR,-0.044778
77,B-AGE,B-RAM,-0.071279
78,B-AGE,I-RAM,-0.032918
79,B-AGE,B-SHAPE,-0.087676
80,B-AGE,I-SHAPE,-0.063494
81,B-AGE,B-SIZE,-0.176974
82,B-AGE,I-SIZE,-0.086381
83,B-AGE,B-STORAGE,-0.025122
84,B-AGE,B-THEME,0.147531
85,B-AGE,I-THEME,-0.145715
86,B-AGE,B-TYPE,0.360818
87,B-AGE,I-TYPE,-0.206824
88,I-AGE,O,-0.233076
89,I-AGE,B-AGE,0.31122
90,I-AGE,I-AGE,1.137327
91,I-AGE,B-BRAND,-0.167772
92,I-AGE,I-BRAND,-0.036415
93,I-AGE,B-CAMERA,-0.005347
94,I-AGE,I-CAMERA,-0.006951
95,I-AGE,B-CAPACITY,-0.046233
96,I-AGE,I-CAPACITY,-0.017139
97,I-AGE,B-COLOR,-0.186954
98,I-AGE,I-COLOR,-0.02123
99,I-AGE,B-CPU,-0.006543
100,I-AGE,I-CPU,-0.005258
101,I-AGE,B-DIMENSION,-0.078117
102,I-AGE,I-DIMENSION,-0.031652
103,I-AGE,B-DISPLAY,-0.004869
104,I-AGE,I-DISPLAY,-0.004102
105,I-AGE,B-GENDER,-0.057085
106,I-AGE,I-GENDER,-0.003289
107,I-AGE,B-GRAPHIC,-0.006681
108,I-AGE,I-GRAPHIC,-0.00964
109,I-AGE,B-MASS,-0.054078
110,I-AGE,I-MASS,-0.015044
111,I-AGE,B-MATERIAL,-0.096674
112,I-AGE,I-MATERIAL,-0.029532
113,I-AGE,B-MEMORY,-0.005535
114,I-AGE,I-MEMORY,-0.004968
115,I-AGE,B-NAME,-0.166767
116,I-AGE,I-NAME,-0.055077
117,I-AGE,B-OS,-0.023206
118,I-AGE,I-OS,-0.007671
119,I-AGE,B-PROCESSOR,-0.011747
120,I-AGE,I-PROCESSOR,-0.011948
121,I-AGE,B-RAM,-0.027799
122,I-AGE,I-RAM,-0.009695
123,I-AGE,B-SHAPE,-0.022814
124,I-AGE,I-SHAPE,-0.014719
125,I-AGE,B-SIZE,-0.066326
126,I-AGE,I-SIZE,-0.026525
127,I-AGE,B-STORAGE,-0.008885
128,I-AGE,B-THEME,-0.100405
129,I-AGE,I-THEME,-0.036064
130,I-AGE,B-TYPE,0.026586
131,I-AGE,I-TYPE,-0.060592
132,B-BRAND,O,0.033489
133,B-BRAND,B-AGE,0.091795
134,B-BRAND,I-AGE,-0.224284
135,B-BRAND,B-BRAND,-0.277552
136,B-BRAND,I-BRAND,3.806902
137,B-BRAND,B-CAMERA,-0.088606
138,B-BRAND,I-CAMERA,-0.164734
139,B-BRAND,B-CAPACITY,0.654866
140,B-BRAND,I-CAPACITY,-0.12199
141,B-BRAND,B-COLOR,-0.027893
142,B-BRAND,I-COLOR,-0.379935
143,B-BRAND,B-CPU,-0.146278
144,B-BRAND,I-CPU,-0.118057
145,B-BRAND,B-DIMENSION,-0.163827
146,B-BRAND,I-DIMENSION,-0.303801
147,B-BRAND,B-DISPLAY,-0.090544
148,B-BRAND,I-DISPLAY,-0.09324
149,B-BRAND,B-GENDER,0.284485
150,B-BRAND,I-GENDER,-0.065608
151,B-BRAND,B-GRAPHIC,-0.120005
152,B-BRAND,I-GRAPHIC,-0.17998
153,B-BRAND,B-MASS,-0.075623
154,B-BRAND,I-MASS,-0.188719
155,B-BRAND,B-MATERIAL,0.191152
156,B-BRAND,I-MATERIAL,-0.590718
157,B-BRAND,B-MEMORY,-0.120872
158,B-BRAND,I-MEMORY,-0.102131
159,B-BRAND,B-NAME,2.49105
160,B-BRAND,I-NAME,-0.850957
161,B-BRAND,B-OS,-0.260873
162,B-BRAND,I-OS,-0.164334
163,B-BRAND,B-PROCESSOR,0.010138
164,B-BRAND,I-PROCESSOR,-0.260312
165,B-BRAND,B-RAM,0.009565
166,B-BRAND,I-RAM,-0.163515
167,B-BRAND,B-SHAPE,-0.439463
168,B-BRAND,I-SHAPE,-0.311512
169,B-BRAND,B-SIZE,0.204921
170,B-BRAND,I-SIZE,-0.332081
171,B-BRAND,B-STORAGE,-0.15771
172,B-BRAND,B-THEME,-0.040127
173,B-BRAND,I-THEME,-0.710536
174,B-BRAND,B-TYPE,0.934714
175,B-BRAND,I-TYPE,-0.869206
176,I-BRAND,O,0.24797
177,I-BRAND,B-AGE,-0.036141
178,I-BRAND,I-AGE,-0.093311
179,I-BRAND,B-BRAND,-0.774669
180,I-BRAND,I-BRAND,2.975594
181,I-BRAND,B-CAMERA,-0.034056
182,I-BRAND,I-CAMERA,-0.063549
183,I-BRAND,B-CAPACITY,-0.037104
184,I-BRAND,I-CAPACITY,-0.05565
185,I-BRAND,B-COLOR,-0.333569
186,I-BRAND,I-COLOR,-0.188031
187,I-BRAND,B-CPU,-0.054215
188,I-BRAND,I-CPU,-0.048012
189,I-BRAND,B-DIMENSION,-0.276504
190,I-BRAND,I-DIMENSION,-0.139044
191,I-BRAND,B-DISPLAY,-0.033287
192,I-BRAND,I-DISPLAY,-0.03403
193,I-BRAND,B-GENDER,-0.565152
194,I-BRAND,I-GENDER,-0.023169
195,I-BRAND,B-GRAPHIC,-0.042886
196,I-BRAND,I-GRAPHIC,-0.061406
197,I-BRAND,B-MASS,0.350529
198,I-BRAND,I-MASS,-0.082879
199,I-BRAND,B-MATERIAL,-0.607546
200,I-BRAND,I-MATERIAL,-0.270264
201,I-BRAND,B-MEMORY,-0.045669
202,I-BRAND,I-MEMORY,-0.035083
203,I-BRAND,B-NAME,1.895023
204,I-BRAND,I-NAME,-0.484309
205,I-BRAND,B-OS,-0.099281
206,I-BRAND,I-OS,-0.067708
207,I-BRAND,B-PROCESSOR,0.258663
208,I-BRAND,I-PROCESSOR,-0.135563
209,I-BRAND,B-RAM,-0.132757
210,I-BRAND,I-RAM,-0.060709
211,I-BRAND,B-SHAPE,0.153977
212,I-BRAND,I-SHAPE,-0.133533
213,I-BRAND,B-SIZE,-0.266979
214,I-BRAND,I-SIZE,-0.153675
215,I-BRAND,B-STORAGE,-0.057009
216,I-BRAND,B-THEME,-0.56161
217,I-BRAND,I-THEME,-0.335593
218,I-BRAND,B-TYPE,0.684071
219,I-BRAND,I-TYPE,-0.431067
220,B-CAMERA,O,-0.269143
221,B-CAMERA,B-AGE,-0.012803
222,B-CAMERA,I-AGE,-0.005966
223,B-CAMERA,B-BRAND,-0.056924
224,B-CAMERA,I-BRAND,-0.010896
225,B-CAMERA,B-CAMERA,-0.004125
226,B-CAMERA,I-CAMERA,0.796604
227,B-CAMERA,B-CAPACITY,-0.051804
228,B-CAMERA,I-CAPACITY,-0.00857
229,B-CAMERA,B-COLOR,-0.06822
230,B-CAMERA,I-COLOR,-0.006775
231,B-CAMERA,B-CPU,-0.003281
232,B-CAMERA,I-CPU,-0.002402
233,B-CAMERA,B-DIMENSION,-0.050643
234,B-CAMERA,I-DIMENSION,-0.013431
235,B-CAMERA,B-DISPLAY,-0.00261
236,B-CAMERA,I-DISPLAY,-0.001975
237,B-CAMERA,B-GENDER,-0.014647
238,B-CAMERA,I-GENDER,-0.001725
239,B-CAMERA,B-GRAPHIC,-0.004529
240,B-CAMERA,I-GRAPHIC,-0.006827
241,B-CAMERA,B-MASS,-0.025656
242,B-CAMERA,I-MASS,-0.006089
243,B-CAMERA,B-MATERIAL,-0.028425
244,B-CAMERA,I-MATERIAL,-0.010742
245,B-CAMERA,B-MEMORY,-0.003878
246,B-CAMERA,I-MEMORY,-0.003526
247,B-CAMERA,B-NAME,-0.072371
248,B-CAMERA,I-NAME,-0.017894
249,B-CAMERA,B-OS,-0.009697
250,B-CAMERA,I-OS,-0.003432
251,B-CAMERA,B-PROCESSOR,-0.005037
252,B-CAMERA,I-PROCESSOR,-0.005144
253,B-CAMERA,B-RAM,-0.038676
254,B-CAMERA,I-RAM,-0.007262
255,B-CAMERA,B-SHAPE,-0.007274
256,B-CAMERA,I-SHAPE,-0.005364
257,B-CAMERA,B-SIZE,-0.026832
258,B-CAMERA,I-SIZE,-0.008161
259,B-CAMERA,B-STORAGE,-0.00804
260,B-CAMERA,B-THEME,-0.025858
261,B-CAMERA,I-THEME,-0.011439
262,B-CAMERA,B-TYPE,-0.190213
263,B-CAMERA,I-TYPE,-0.021407
264,I-CAMERA,O,0.213366
265,I-CAMERA,B-AGE,-0.017969
266,I-CAMERA,I-AGE,-0.006966
267,I-CAMERA,B-BRAND,-0.09116
268,I-CAMERA,I-BRAND,-0.018001
269,I-CAMERA,B-CAMERA,-0.003084
270,I-CAMERA,I-CAMERA,0.399036
271,I-CAMERA,B-CAPACITY,-0.0174
272,I-CAMERA,I-CAPACITY,-0.005589
273,I-CAMERA,B-COLOR,-0.116132
274,I-CAMERA,I-COLOR,-0.011427
275,I-CAMERA,B-CPU,-0.003288
276,I-CAMERA,I-CPU,-0.002784
277,I-CAMERA,B-DIMENSION,-0.034562
278,I-CAMERA,I-DIMENSION,-0.012061
279,I-CAMERA,B-DISPLAY,-0.002479
280,I-CAMERA,I-DISPLAY,-0.002132
281,I-CAMERA,B-GENDER,-0.029418
282,I-CAMERA,I-GENDER,-0.001654
283,I-CAMERA,B-GRAPHIC,-0.003186
284,I-CAMERA,I-GRAPHIC,-0.004199
285,I-CAMERA,B-MASS,-0.023339
286,I-CAMERA,I-MASS,-0.006922
287,I-CAMERA,B-MATERIAL,-0.050861
288,I-CAMERA,I-MATERIAL,-0.014512
289,I-CAMERA,B-MEMORY,-0.002835
290,I-CAMERA,I-MEMORY,-0.002286
291,I-CAMERA,B-NAME,0.280893
292,I-CAMERA,I-NAME,-0.025789
293,I-CAMERA,B-OS,-0.00925
294,I-CAMERA,I-OS,-0.003449
295,I-CAMERA,B-PROCESSOR,-0.005694
296,I-CAMERA,I-PROCESSOR,-0.00622
297,I-CAMERA,B-RAM,-0.01339
298,I-CAMERA,I-RAM,-0.004744
299,I-CAMERA,B-SHAPE,-0.010837
300,I-CAMERA,I-SHAPE,-0.006814
301,I-CAMERA,B-SIZE,-0.031778
302,I-CAMERA,I-SIZE,-0.009312
303,I-CAMERA,B-STORAGE,-0.003808
304,I-CAMERA,B-THEME,-0.040673
305,I-CAMERA,I-THEME,-0.017362
306,I-CAMERA,B-TYPE,-0.300544
307,I-CAMERA,I-TYPE,-0.03136
308,B-CAPACITY,O,0.384343
309,B-CAPACITY,B-AGE,-0.055584
310,B-CAPACITY,I-AGE,-0.079174
311,B-CAPACITY,B-BRAND,-0.371939
312,B-CAPACITY,I-BRAND,-0.058368
313,B-CAPACITY,B-CAMERA,0.298715
314,B-CAPACITY,I-CAMERA,-0.016876
315,B-CAPACITY,B-CAPACITY,-0.127903
316,B-CAPACITY,I-CAPACITY,2.011855
317,B-CAPACITY,B-COLOR,0.12044
318,B-CAPACITY,I-COLOR,-0.053669
319,B-CAPACITY,B-CPU,-0.03527
320,B-CAPACITY,I-CPU,-0.013332
321,B-CAPACITY,B-DIMENSION,-0.095452
322,B-CAPACITY,I-DIMENSION,-0.137061
323,B-CAPACITY,B-DISPLAY,-0.024096
324,B-CAPACITY,I-DISPLAY,-0.015525
325,B-CAPACITY,B-GENDER,-0.064065
326,B-CAPACITY,I-GENDER,-0.012527
327,B-CAPACITY,B-GRAPHIC,-0.06421
328,B-CAPACITY,I-GRAPHIC,-0.032055
329,B-CAPACITY,B-MASS,-0.040805
330,B-CAPACITY,I-MASS,-0.092047
331,B-CAPACITY,B-MATERIAL,-0.16246
332,B-CAPACITY,I-MATERIAL,-0.062322
333,B-CAPACITY,B-MEMORY,-0.04836
334,B-CAPACITY,I-MEMORY,-0.021503
335,B-CAPACITY,B-NAME,-0.188032
336,B-CAPACITY,I-NAME,-0.059748
337,B-CAPACITY,B-OS,0.108881
338,B-CAPACITY,I-OS,-0.017343
339,B-CAPACITY,B-PROCESSOR,-0.043491
340,B-CAPACITY,I-PROCESSOR,-0.028849
341,B-CAPACITY,B-RAM,-0.183816
342,B-CAPACITY,I-RAM,-0.113927
343,B-CAPACITY,B-SHAPE,-0.053682
344,B-CAPACITY,I-SHAPE,-0.029285
345,B-CAPACITY,B-SIZE,-0.119654
346,B-CAPACITY,I-SIZE,-0.083139
347,B-CAPACITY,B-STORAGE,-0.036742
348,B-CAPACITY,B-THEME,-0.137474
349,B-CAPACITY,I-THEME,-0.052714
350,B-CAPACITY,B-TYPE,-0.181544
351,B-CAPACITY,I-TYPE,-0.143949
352,I-CAPACITY,O,0.037186
353,I-CAPACITY,B-AGE,-0.030209
354,I-CAPACITY,I-AGE,-0.020078
355,I-CAPACITY,B-BRAND,-0.002604
356,I-CAPACITY,I-BRAND,-0.0359
357,I-CAPACITY,B-CAMERA,-0.00845
358,I-CAPACITY,I-CAMERA,-0.007028
359,I-CAPACITY,B-CAPACITY,-0.060497
360,I-CAPACITY,I-CAPACITY,0.744381
361,I-CAPACITY,B-COLOR,0.114466
362,I-CAPACITY,I-COLOR,-0.018038
363,I-CAPACITY,B-CPU,-0.012202
364,I-CAPACITY,I-CPU,-0.005401
365,I-CAPACITY,B-DIMENSION,0.180938
366,I-CAPACITY,I-DIMENSION,-0.040829
367,I-CAPACITY,B-DISPLAY,-0.007242
368,I-CAPACITY,I-DISPLAY,-0.00524
369,I-CAPACITY,B-GENDER,-0.039216
370,I-CAPACITY,I-GENDER,-0.004496
371,I-CAPACITY,B-GRAPHIC,-0.011978
372,I-CAPACITY,I-GRAPHIC,-0.017834
373,I-CAPACITY,B-MASS,-0.0482
374,I-CAPACITY,I-MASS,-0.031782
375,I-CAPACITY,B-MATERIAL,-0.082313
376,I-CAPACITY,I-MATERIAL,-0.035254
377,I-CAPACITY,B-MEMORY,-0.007645
378,I-CAPACITY,I-MEMORY,-0.007474
379,I-CAPACITY,B-NAME,0.057184
380,I-CAPACITY,I-NAME,-0.04796
381,I-CAPACITY,B-OS,0.270185
382,I-CAPACITY,I-OS,-0.00778
383,I-CAPACITY,B-PROCESSOR,-0.01106
384,I-CAPACITY,I-PROCESSOR,-0.009497
385,I-CAPACITY,B-RAM,-0.047657
386,I-CAPACITY,I-RAM,-0.026463
387,I-CAPACITY,B-SHAPE,-0.022832
388,I-CAPACITY,I-SHAPE,-0.013754
389,I-CAPACITY,B-SIZE,-0.055434
390,I-CAPACITY,I-SIZE,-0.025135
391,I-CAPACITY,B-STORAGE,-0.014222
392,I-CAPACITY,B-THEME,-0.095448
393,I-CAPACITY,I-THEME,-0.034178
394,I-CAPACITY,B-TYPE,-0.170109
395,I-CAPACITY,I-TYPE,-0.050128
396,B-COLOR,O,0.204132
397,B-COLOR,B-AGE,-0.294457
398,B-COLOR,I-AGE,-0.107945
399,B-COLOR,B-BRAND,-0.304162
400,B-COLOR,I-BRAND,-0.349847
401,B-COLOR,B-CAMERA,-0.042226
402,B-COLOR,I-CAMERA,-0.075695
403,B-COLOR,B-CAPACITY,-0.01098
404,B-COLOR,I-CAPACITY,-0.057729
405,B-COLOR,B-COLOR,0.941522
406,B-COLOR,I-COLOR,3.592626
407,B-COLOR,B-CPU,0.310932
408,B-COLOR,I-CPU,-0.057883
409,B-COLOR,B-DIMENSION,-0.218464
410,B-COLOR,I-DIMENSION,-0.139829
411,B-COLOR,B-DISPLAY,-0.043145
412,B-COLOR,I-DISPLAY,-0.041788
413,B-COLOR,B-GENDER,-0.420645
414,B-COLOR,I-GENDER,-0.028865
415,B-COLOR,B-GRAPHIC,-0.049874
416,B-COLOR,I-GRAPHIC,-0.084004
417,B-COLOR,B-MASS,-0.186989
418,B-COLOR,I-MASS,-0.100492
419,B-COLOR,B-MATERIAL,0.063608
420,B-COLOR,I-MATERIAL,-0.300677
421,B-COLOR,B-MEMORY,0.297571
422,B-COLOR,I-MEMORY,-0.047861
423,B-COLOR,B-NAME,-0.352655
424,B-COLOR,I-NAME,-0.465255
425,B-COLOR,B-OS,-0.117131
426,B-COLOR,I-OS,-0.070314
427,B-COLOR,B-PROCESSOR,-0.111575
428,B-COLOR,I-PROCESSOR,-0.124897
429,B-COLOR,B-RAM,0.072758
430,B-COLOR,I-RAM,-0.077538
431,B-COLOR,B-SHAPE,-0.227781
432,B-COLOR,I-SHAPE,-0.158047
433,B-COLOR,B-SIZE,0.540066
434,B-COLOR,I-SIZE,-0.184314
435,B-COLOR,B-STORAGE,0.291486
436,B-COLOR,B-THEME,-0.597583
437,B-COLOR,I-THEME,-0.35833
438,B-COLOR,B-TYPE,-0.099632
439,B-COLOR,I-TYPE,-0.447033
440,I-COLOR,O,0.376639
441,I-COLOR,B-AGE,-0.064876
442,I-COLOR,I-AGE,-0.02407
443,I-COLOR,B-BRAND,-0.337887
444,I-COLOR,I-BRAND,-0.083034
445,I-COLOR,B-CAMERA,-0.009918
446,I-COLOR,I-CAMERA,-0.016648
447,I-COLOR,B-CAPACITY,-0.056257
448,I-COLOR,I-CAPACITY,-0.013504
449,I-COLOR,B-COLOR,-0.296092
450,I-COLOR,I-COLOR,1.306118
451,I-COLOR,B-CPU,-0.013023
452,I-COLOR,I-CPU,-0.015648
453,I-COLOR,B-DIMENSION,0.174123
454,I-COLOR,I-DIMENSION,-0.035953
455,I-COLOR,B-DISPLAY,-0.009431
456,I-COLOR,I-DISPLAY,-0.00821
457,I-COLOR,B-GENDER,-0.124266
458,I-COLOR,I-GENDER,-0.005456
459,I-COLOR,B-GRAPHIC,-0.009691
460,I-COLOR,I-GRAPHIC,-0.015361
461,I-COLOR,B-MASS,-0.152898
462,I-COLOR,I-MASS,-0.023895
463,I-COLOR,B-MATERIAL,-0.259239
464,I-COLOR,I-MATERIAL,-0.067483
465,I-COLOR,B-MEMORY,-0.010823
466,I-COLOR,I-MEMORY,-0.008016
467,I-COLOR,B-NAME,-0.090253
468,I-COLOR,I-NAME,-0.123352
469,I-COLOR,B-OS,-0.023531
470,I-COLOR,I-OS,-0.016071
471,I-COLOR,B-PROCESSOR,-0.017913
472,I-COLOR,I-PROCESSOR,-0.030856
473,I-COLOR,B-RAM,-0.040298
474,I-COLOR,I-RAM,-0.015488
475,I-COLOR,B-SHAPE,-0.04583
476,I-COLOR,I-SHAPE,-0.03092
477,I-COLOR,B-SIZE,-0.132136
478,I-COLOR,I-SIZE,-0.049083
479,I-COLOR,B-STORAGE,-0.012322
480,I-COLOR,B-THEME,0.18114
481,I-COLOR,I-THEME,-0.087021
482,I-COLOR,B-TYPE,-0.268078
483,I-COLOR,I-TYPE,-0.107515
484,B-CPU,O,-0.086544
485,B-CPU,B-AGE,-0.01909
486,B-CPU,I-AGE,-0.00686
487,B-CPU,B-BRAND,-0.094099
488,B-CPU,I-BRAND,-0.019036
489,B-CPU,B-CAMERA,-0.002962
490,B-CPU,I-CAMERA,-0.004436
491,B-CPU,B-CAPACITY,-0.021655
492,B-CPU,I-CAPACITY,-0.005752
493,B-CPU,B-COLOR,-0.108111
494,B-CPU,I-COLOR,-0.011279
495,B-CPU,B-CPU,-0.003748
496,B-CPU,I-CPU,1.174031
497,B-CPU,B-DIMENSION,-0.05714
498,B-CPU,I-DIMENSION,-0.012394
499,B-CPU,B-DISPLAY,-0.002691
500,B-CPU,I-DISPLAY,-0.002376
501,B-CPU,B-GENDER,-0.030645
502,B-CPU,I-GENDER,-0.001817
503,B-CPU,B-GRAPHIC,-0.003472
504,B-CPU,I-GRAPHIC,-0.006211
505,B-CPU,B-MASS,-0.02977
506,B-CPU,I-MASS,-0.006877
507,B-CPU,B-MATERIAL,-0.051514
508,B-CPU,I-MATERIAL,-0.015598
509,B-CPU,B-MEMORY,-0.003799
510,B-CPU,I-MEMORY,-0.002684
511,B-CPU,B-NAME,-0.094421
512,B-CPU,I-NAME,-0.027818
513,B-CPU,B-OS,-0.008316
514,B-CPU,I-OS,-0.004149
515,B-CPU,B-PROCESSOR,-0.00684
516,B-CPU,I-PROCESSOR,-0.01664
517,B-CPU,B-RAM,-0.01559
518,B-CPU,I-RAM,-0.005257
519,B-CPU,B-SHAPE,-0.010581
520,B-CPU,I-SHAPE,-0.007641
521,B-CPU,B-SIZE,-0.031697
522,B-CPU,I-SIZE,-0.01101
523,B-CPU,B-STORAGE,-0.004458
524,B-CPU,B-THEME,-0.041053
525,B-CPU,I-THEME,-0.019187
526,B-CPU,B-TYPE,-0.287741
527,B-CPU,I-TYPE,-0.030973
528,I-CPU,O,0.064963
529,I-CPU,B-AGE,-0.013891
530,I-CPU,I-AGE,-0.004741
531,I-CPU,B-BRAND,-0.053143
532,I-CPU,I-BRAND,-0.011235
533,I-CPU,B-CAMERA,-0.002496
534,I-CPU,I-CAMERA,-0.002881
535,I-CPU,B-CAPACITY,-0.036664
536,I-CPU,I-CAPACITY,-0.005032
537,I-CPU,B-COLOR,-0.067343
538,I-CPU,I-COLOR,-0.006541
539,I-CPU,B-CPU,-0.00232
540,I-CPU,I-CPU,-0.002183
541,I-CPU,B-DIMENSION,-0.04727
542,I-CPU,I-DIMENSION,-0.009739
543,I-CPU,B-DISPLAY,-0.00192
544,I-CPU,I-DISPLAY,-0.001775
545,I-CPU,B-GENDER,-0.016895
546,I-CPU,I-GENDER,-0.001462
547,I-CPU,B-GRAPHIC,-0.002985
548,I-CPU,I-GRAPHIC,-0.004092
549,I-CPU,B-MASS,-0.033838
550,I-CPU,I-MASS,-0.004918
551,I-CPU,B-MATERIAL,-0.029302
552,I-CPU,I-MATERIAL,-0.009725
553,I-CPU,B-MEMORY,0.39244
554,I-CPU,I-MEMORY,-0.002423
555,I-CPU,B-NAME,-0.064509
556,I-CPU,I-NAME,-0.018433
557,I-CPU,B-OS,-0.005282
558,I-CPU,I-OS,-0.003044
559,I-CPU,B-PROCESSOR,-0.004828
560,I-CPU,I-PROCESSOR,-0.014179
561,I-CPU,B-RAM,-0.022506
562,I-CPU,I-RAM,-0.004778
563,I-CPU,B-SHAPE,-0.006652
564,I-CPU,I-SHAPE,-0.005053
565,I-CPU,B-SIZE,-0.025045
566,I-CPU,I-SIZE,-0.007112
567,I-CPU,B-STORAGE,-0.006002
568,I-CPU,B-THEME,-0.024755
569,I-CPU,I-THEME,-0.012337
570,I-CPU,B-TYPE,-0.180871
571,I-CPU,I-TYPE,-0.021137
572,B-DIMENSION,O,0.43195
573,B-DIMENSION,B-AGE,-0.127147
574,B-DIMENSION,I-AGE,-0.174819
575,B-DIMENSION,B-BRAND,-0.005194
576,B-DIMENSION,I-BRAND,-0.149622
577,B-DIMENSION,B-CAMERA,-0.054207
578,B-DIMENSION,I-CAMERA,-0.033117
579,B-DIMENSION,B-CAPACITY,0.196229
580,B-DIMENSION,I-CAPACITY,-0.154613
581,B-DIMENSION,B-COLOR,-0.076886
582,B-DIMENSION,I-COLOR,-0.122527
583,B-DIMENSION,B-CPU,-0.041104
584,B-DIMENSION,I-CPU,-0.02645
585,B-DIMENSION,B-DIMENSION,-0.162189
586,B-DIMENSION,I-DIMENSION,2.962771
587,B-DIMENSION,B-DISPLAY,-0.038969
588,B-DIMENSION,I-DISPLAY,-0.024259
589,B-DIMENSION,B-GENDER,-0.188676
590,B-DIMENSION,I-GENDER,-0.019444
591,B-DIMENSION,B-GRAPHIC,0.301443
592,B-DIMENSION,I-GRAPHIC,-0.041269
593,B-DIMENSION,B-MASS,-0.095527
594,B-DIMENSION,I-MASS,-0.204276
595,B-DIMENSION,B-MATERIAL,0.156271
596,B-DIMENSION,I-MATERIAL,-0.122839
597,B-DIMENSION,B-MEMORY,-0.033031
598,B-DIMENSION,I-MEMORY,-0.027802
599,B-DIMENSION,B-NAME,-0.306419
600,B-DIMENSION,I-NAME,-0.178528
601,B-DIMENSION,B-OS,-0.111798
602,B-DIMENSION,I-OS,-0.03711
603,B-DIMENSION,B-PROCESSOR,0.245011
604,B-DIMENSION,I-PROCESSOR,-0.058998
605,B-DIMENSION,B-RAM,-0.230818
606,B-DIMENSION,I-RAM,-0.075975
607,B-DIMENSION,B-SHAPE,-0.129378
608,B-DIMENSION,I-SHAPE,-0.058596
609,B-DIMENSION,B-SIZE,-0.27156
610,B-DIMENSION,I-SIZE,-0.16867
611,B-DIMENSION,B-STORAGE,-0.050542
612,B-DIMENSION,B-THEME,-0.051129
613,B-DIMENSION,I-THEME,-0.127881
614,B-DIMENSION,B-TYPE,-0.030499
615,B-DIMENSION,I-TYPE,-0.255646
616,I-DIMENSION,O,-0.127987
617,I-DIMENSION,B-AGE,-0.090814
618,I-DIMENSION,I-AGE,-0.061025
619,I-DIMENSION,B-BRAND,-0.118776
620,I-DIMENSION,I-BRAND,-0.091123
621,I-DIMENSION,B-CAMERA,-0.023398
622,I-DIMENSION,I-CAMERA,-0.022559
623,I-DIMENSION,B-CAPACITY,-0.212715
624,I-DIMENSION,I-CAPACITY,-0.06698
625,I-DIMENSION,B-COLOR,-0.315065
626,I-DIMENSION,I-COLOR,-0.066324
627,I-DIMENSION,B-CPU,0.333385
628,I-DIMENSION,I-CPU,-0.019611
629,I-DIMENSION,B-DIMENSION,-0.17964
630,I-DIMENSION,I-DIMENSION,2.437175
631,I-DIMENSION,B-DISPLAY,0.76191
632,I-DIMENSION,I-DISPLAY,-0.014833
633,I-DIMENSION,B-GENDER,-0.089573
634,I-DIMENSION,I-GENDER,-0.011722
635,I-DIMENSION,B-GRAPHIC,-0.031665
636,I-DIMENSION,I-GRAPHIC,-0.052239
637,I-DIMENSION,B-MASS,-0.205372
638,I-DIMENSION,I-MASS,-0.114225
639,I-DIMENSION,B-MATERIAL,-0.207135
640,I-DIMENSION,I-MATERIAL,-0.080133
641,I-DIMENSION,B-MEMORY,-0.023
642,I-DIMENSION,I-MEMORY,-0.019972
643,I-DIMENSION,B-NAME,-0.407593
644,I-DIMENSION,I-NAME,-0.137802
645,I-DIMENSION,B-OS,0.485861
646,I-DIMENSION,I-OS,-0.027916
647,I-DIMENSION,B-PROCESSOR,-0.032584
648,I-DIMENSION,I-PROCESSOR,-0.049089
649,I-DIMENSION,B-RAM,-0.106303
650,I-DIMENSION,I-RAM,-0.040965
651,I-DIMENSION,B-SHAPE,-0.061334
652,I-DIMENSION,I-SHAPE,-0.039734
653,I-DIMENSION,B-SIZE,-0.179581
654,I-DIMENSION,I-SIZE,-0.09714
655,I-DIMENSION,B-STORAGE,-0.037493
656,I-DIMENSION,B-THEME,0.030475
657,I-DIMENSION,I-THEME,-0.086464
658,I-DIMENSION,B-TYPE,-0.558731
659,I-DIMENSION,I-TYPE,-0.132051
660,B-DISPLAY,O,-0.281783
661,B-DISPLAY,B-AGE,-0.013924
662,B-DISPLAY,I-AGE,-0.004956
663,B-DISPLAY,B-BRAND,-0.069918
664,B-DISPLAY,I-BRAND,-0.013233
665,B-DISPLAY,B-CAMERA,-0.002457
666,B-DISPLAY,I-CAMERA,-0.002577
667,B-DISPLAY,B-CAPACITY,-0.020793
668,B-DISPLAY,I-CAPACITY,-0.004657
669,B-DISPLAY,B-COLOR,-0.074018
670,B-DISPLAY,I-COLOR,-0.00649
671,B-DISPLAY,B-CPU,-0.002553
672,B-DISPLAY,I-CPU,-0.002102
673,B-DISPLAY,B-DIMENSION,-0.03378
674,B-DISPLAY,I-DIMENSION,-0.009959
675,B-DISPLAY,B-DISPLAY,-0.002125
676,B-DISPLAY,I-DISPLAY,0.804579
677,B-DISPLAY,B-GENDER,-0.018326
678,B-DISPLAY,I-GENDER,-0.001544
679,B-DISPLAY,B-GRAPHIC,-0.00299
680,B-DISPLAY,I-GRAPHIC,-0.005579
681,B-DISPLAY,B-MASS,-0.019158
682,B-DISPLAY,I-MASS,-0.005468
683,B-DISPLAY,B-MATERIAL,-0.032588
684,B-DISPLAY,I-MATERIAL,-0.011912
685,B-DISPLAY,B-MEMORY,-0.002748
686,B-DISPLAY,I-MEMORY,-0.002402
687,B-DISPLAY,B-NAME,-0.071266
688,B-DISPLAY,I-NAME,-0.018858
689,B-DISPLAY,B-OS,-0.007657
690,B-DISPLAY,I-OS,-0.002801
691,B-DISPLAY,B-PROCESSOR,-0.00494
692,B-DISPLAY,I-PROCESSOR,-0.004312
693,B-DISPLAY,B-RAM,-0.013696
694,B-DISPLAY,I-RAM,-0.004434
695,B-DISPLAY,B-SHAPE,-0.00795
696,B-DISPLAY,I-SHAPE,-0.005143
697,B-DISPLAY,B-SIZE,-0.023597
698,B-DISPLAY,I-SIZE,-0.006997
699,B-DISPLAY,B-STORAGE,-0.004197
700,B-DISPLAY,B-THEME,-0.030455
701,B-DISPLAY,I-THEME,-0.012454
702,B-DISPLAY,B-TYPE,-0.22623
703,B-DISPLAY,I-TYPE,-0.023207
704,I-DISPLAY,O,-0.213086
705,I-DISPLAY,B-AGE,-0.010604
706,I-DISPLAY,I-AGE,-0.003896
707,I-DISPLAY,B-BRAND,-0.045662
708,I-DISPLAY,I-BRAND,-0.009467
709,I-DISPLAY,B-CAMERA,-0.002037
710,I-DISPLAY,I-CAMERA,-0.002022
711,I-DISPLAY,B-CAPACITY,-0.016133
712,I-DISPLAY,I-CAPACITY,-0.003789
713,I-DISPLAY,B-COLOR,-0.0544
714,I-DISPLAY,I-COLOR,-0.005151
715,I-DISPLAY,B-CPU,-0.001968
716,I-DISPLAY,I-CPU,-0.001705
717,I-DISPLAY,B-DIMENSION,-0.028037
718,I-DISPLAY,I-DIMENSION,-0.008045
719,I-DISPLAY,B-DISPLAY,-0.001606
720,I-DISPLAY,I-DISPLAY,-0.001462
721,I-DISPLAY,B-GENDER,-0.013354
722,I-DISPLAY,I-GENDER,-0.001251
723,I-DISPLAY,B-GRAPHIC,-0.002269
724,I-DISPLAY,I-GRAPHIC,-0.003206
725,I-DISPLAY,B-MASS,-0.017464
726,I-DISPLAY,I-MASS,-0.004247
727,I-DISPLAY,B-MATERIAL,-0.023668
728,I-DISPLAY,I-MATERIAL,-0.008051
729,I-DISPLAY,B-MEMORY,-0.002058
730,I-DISPLAY,I-MEMORY,-0.001802
731,I-DISPLAY,B-NAME,-0.048542
732,I-DISPLAY,I-NAME,-0.014569
733,I-DISPLAY,B-OS,-0.005095
734,I-DISPLAY,I-OS,-0.002223
735,I-DISPLAY,B-PROCESSOR,-0.003821
736,I-DISPLAY,I-PROCESSOR,-0.003583
737,I-DISPLAY,B-RAM,-0.01079
738,I-DISPLAY,I-RAM,-0.003189
739,I-DISPLAY,B-SHAPE,-0.005654
740,I-DISPLAY,I-SHAPE,-0.0039
741,I-DISPLAY,B-SIZE,-0.017126
742,I-DISPLAY,I-SIZE,-0.005321
743,I-DISPLAY,B-STORAGE,-0.003072
744,I-DISPLAY,B-THEME,-0.020724
745,I-DISPLAY,I-THEME,-0.009132
746,I-DISPLAY,B-TYPE,0.190174
747,I-DISPLAY,I-TYPE,-0.018586
748,B-GENDER,O,0.664892
749,B-GENDER,B-AGE,-0.35087
750,B-GENDER,I-AGE,-0.062805
751,B-GENDER,B-BRAND,0.168776
752,B-GENDER,I-BRAND,-0.221921
753,B-GENDER,B-CAMERA,-0.020148
754,B-GENDER,I-CAMERA,-0.043485
755,B-GENDER,B-CAPACITY,-0.128825
756,B-GENDER,I-CAPACITY,-0.030492
757,B-GENDER,B-COLOR,-0.166908
758,B-GENDER,I-COLOR,-0.148957
759,B-GENDER,B-CPU,-0.035919
760,B-GENDER,I-CPU,-0.030795
761,B-GENDER,B-DIMENSION,-0.296412
762,B-GENDER,I-DIMENSION,-0.081375
763,B-GENDER,B-DISPLAY,-0.021316
764,B-GENDER,I-DISPLAY,-0.021055
765,B-GENDER,B-GENDER,0.582994
766,B-GENDER,I-GENDER,0.384251
767,B-GENDER,B-GRAPHIC,-0.025173
768,B-GENDER,I-GRAPHIC,-0.035521
769,B-GENDER,B-MASS,-0.215504
770,B-GENDER,I-MASS,-0.053041
771,B-GENDER,B-MATERIAL,0.761841
772,B-GENDER,I-MATERIAL,-0.207966
773,B-GENDER,B-MEMORY,-0.025206
774,B-GENDER,I-MEMORY,-0.01969
775,B-GENDER,B-NAME,-0.248081
776,B-GENDER,I-NAME,-0.295554
777,B-GENDER,B-OS,-0.068116
778,B-GENDER,I-OS,-0.0424
779,B-GENDER,B-PROCESSOR,-0.060351
780,B-GENDER,I-PROCESSOR,-0.073369
781,B-GENDER,B-RAM,-0.077154
782,B-GENDER,I-RAM,-0.037477
783,B-GENDER,B-SHAPE,0.198953
784,B-GENDER,I-SHAPE,-0.097352
785,B-GENDER,B-SIZE,0.323166
786,B-GENDER,I-SIZE,-0.112941
787,B-GENDER,B-STORAGE,-0.031027
788,B-GENDER,B-THEME,0.257601
789,B-GENDER,I-THEME,-0.225536
790,B-GENDER,B-TYPE,0.351879
791,B-GENDER,I-TYPE,-0.290394
792,I-GENDER,O,0.185371
793,I-GENDER,B-AGE,-0.007913
794,I-GENDER,I-AGE,-0.003238
795,I-GENDER,B-BRAND,-0.036568
796,I-GENDER,I-BRAND,-0.007422
797,I-GENDER,B-CAMERA,-0.001739
798,I-GENDER,I-CAMERA,-0.00161
799,I-GENDER,B-CAPACITY,-0.012102
800,I-GENDER,I-CAPACITY,-0.003306
801,I-GENDER,B-COLOR,-0.041653
802,I-GENDER,I-COLOR,-0.003916
803,I-GENDER,B-CPU,-0.001674
804,I-GENDER,I-CPU,-0.001386
805,I-GENDER,B-DIMENSION,-0.019354
806,I-GENDER,I-DIMENSION,-0.006734
807,I-GENDER,B-DISPLAY,-0.001412
808,I-GENDER,I-DISPLAY,-0.001249
809,I-GENDER,B-GENDER,-0.009838
810,I-GENDER,I-GENDER,-0.001133
811,I-GENDER,B-GRAPHIC,-0.001966
812,I-GENDER,I-GRAPHIC,-0.002691
813,I-GENDER,B-MASS,-0.010695
814,I-GENDER,I-MASS,-0.003597
815,I-GENDER,B-MATERIAL,-0.017947
816,I-GENDER,I-MATERIAL,-0.006402
817,I-GENDER,B-MEMORY,-0.001698
818,I-GENDER,I-MEMORY,-0.00153
819,I-GENDER,B-NAME,-0.037556
820,I-GENDER,I-NAME,-0.011424
821,I-GENDER,B-OS,-0.004618
822,I-GENDER,I-OS,-0.001745
823,I-GENDER,B-PROCESSOR,-0.002892
824,I-GENDER,I-PROCESSOR,-0.002587
825,I-GENDER,B-RAM,-0.008071
826,I-GENDER,I-RAM,-0.002673
827,I-GENDER,B-SHAPE,-0.00449
828,I-GENDER,I-SHAPE,-0.00304
829,I-GENDER,B-SIZE,-0.012892
830,I-GENDER,I-SIZE,-0.004149
831,I-GENDER,B-STORAGE,-0.002502
832,I-GENDER,B-THEME,-0.016287
833,I-GENDER,I-THEME,-0.006905
834,I-GENDER,B-TYPE,-0.128188
835,I-GENDER,I-TYPE,-0.01546
836,B-GRAPHIC,O,-0.374425
837,B-GRAPHIC,B-AGE,-0.019734
838,B-GRAPHIC,I-AGE,-0.009226
839,B-GRAPHIC,B-BRAND,-0.106007
840,B-GRAPHIC,I-BRAND,-0.018467
841,B-GRAPHIC,B-CAMERA,-0.005568
842,B-GRAPHIC,I-CAMERA,-0.003648
843,B-GRAPHIC,B-CAPACITY,-0.045082
844,B-GRAPHIC,I-CAPACITY,-0.011036
845,B-GRAPHIC,B-COLOR,-0.116723
846,B-GRAPHIC,I-COLOR,-0.00974
847,B-GRAPHIC,B-CPU,-0.005568
848,B-GRAPHIC,I-CPU,-0.003127
849,B-GRAPHIC,B-DIMENSION,-0.044207
850,B-GRAPHIC,I-DIMENSION,-0.020081
851,B-GRAPHIC,B-DISPLAY,-0.003766
852,B-GRAPHIC,I-DISPLAY,-0.002882
853,B-GRAPHIC,B-GENDER,-0.022962
854,B-GRAPHIC,I-GENDER,-0.002375
855,B-GRAPHIC,B-GRAPHIC,-0.008379
856,B-GRAPHIC,I-GRAPHIC,1.092861
857,B-GRAPHIC,B-MASS,-0.021189
858,B-GRAPHIC,I-MASS,-0.010299
859,B-GRAPHIC,B-MATERIAL,-0.043019
860,B-GRAPHIC,I-MATERIAL,-0.01743
861,B-GRAPHIC,B-MEMORY,-0.005216
862,B-GRAPHIC,I-MEMORY,-0.004354
863,B-GRAPHIC,B-NAME,-0.115424
864,B-GRAPHIC,I-NAME,-0.025107
865,B-GRAPHIC,B-OS,0.659469
866,B-GRAPHIC,I-OS,-0.003929
867,B-GRAPHIC,B-PROCESSOR,-0.008431
868,B-GRAPHIC,I-PROCESSOR,-0.006923
869,B-GRAPHIC,B-RAM,-0.028931
870,B-GRAPHIC,I-RAM,-0.009864
871,B-GRAPHIC,B-SHAPE,-0.01152
872,B-GRAPHIC,I-SHAPE,-0.006814
873,B-GRAPHIC,B-SIZE,-0.033902
874,B-GRAPHIC,I-SIZE,-0.011448
875,B-GRAPHIC,B-STORAGE,-0.008818
876,B-GRAPHIC,B-THEME,-0.046944
877,B-GRAPHIC,I-THEME,-0.016992
878,B-GRAPHIC,B-TYPE,-0.292427
879,B-GRAPHIC,I-TYPE,-0.03083
880,I-GRAPHIC,O,-0.333543
881,I-GRAPHIC,B-AGE,-0.024178
882,I-GRAPHIC,I-AGE,-0.007567
883,I-GRAPHIC,B-BRAND,-0.071066
884,I-GRAPHIC,I-BRAND,-0.013757
885,I-GRAPHIC,B-CAMERA,-0.007781
886,I-GRAPHIC,I-CAMERA,-0.00378
887,I-GRAPHIC,B-CAPACITY,-0.10957
888,I-GRAPHIC,I-CAPACITY,-0.012077
889,I-GRAPHIC,B-COLOR,-0.077236
890,I-GRAPHIC,I-COLOR,-0.006832
891,I-GRAPHIC,B-CPU,-0.003639
892,I-GRAPHIC,I-CPU,-0.002847
893,I-GRAPHIC,B-DIMENSION,-0.092704
894,I-GRAPHIC,I-DIMENSION,-0.017336
895,I-GRAPHIC,B-DISPLAY,-0.003184
896,I-GRAPHIC,I-DISPLAY,-0.002994
897,I-GRAPHIC,B-GENDER,-0.017701
898,I-GRAPHIC,I-GENDER,-0.002628
899,I-GRAPHIC,B-GRAPHIC,-0.009054
900,I-GRAPHIC,I-GRAPHIC,1.054875
901,I-GRAPHIC,B-MASS,-0.040409
902,I-GRAPHIC,I-MASS,-0.008158
903,I-GRAPHIC,B-MATERIAL,-0.029987
904,I-GRAPHIC,I-MATERIAL,-0.015468
905,I-GRAPHIC,B-MEMORY,-0.008441
906,I-GRAPHIC,I-MEMORY,-0.006482
907,I-GRAPHIC,B-NAME,-0.114069
908,I-GRAPHIC,I-NAME,-0.020965
909,I-GRAPHIC,B-OS,0.281656
910,I-GRAPHIC,I-OS,-0.004246
911,I-GRAPHIC,B-PROCESSOR,-0.010171
912,I-GRAPHIC,I-PROCESSOR,-0.008037
913,I-GRAPHIC,B-RAM,-0.133617
914,I-GRAPHIC,I-RAM,-0.019251
915,I-GRAPHIC,B-SHAPE,-0.00876
916,I-GRAPHIC,I-SHAPE,-0.006512
917,I-GRAPHIC,B-SIZE,-0.043343
918,I-GRAPHIC,I-SIZE,-0.010279
919,I-GRAPHIC,B-STORAGE,-0.023306
920,I-GRAPHIC,B-THEME,-0.030288
921,I-GRAPHIC,I-THEME,-0.015924
922,I-GRAPHIC,B-TYPE,-0.206839
923,I-GRAPHIC,I-TYPE,-0.023768
924,B-MASS,O,0.264603
925,B-MASS,B-AGE,-0.082518
926,B-MASS,I-AGE,-0.10839
927,B-MASS,B-BRAND,0.167126
928,B-MASS,I-BRAND,-0.094783
929,B-MASS,B-CAMERA,-0.030626
930,B-MASS,I-CAMERA,-0.020692
931,B-MASS,B-CAPACITY,-0.088361
932,B-MASS,I-CAPACITY,-0.130527
933,B-MASS,B-COLOR,-0.292934
934,B-MASS,I-COLOR,-0.077173
935,B-MASS,B-CPU,-0.023954
936,B-MASS,I-CPU,-0.016934
937,B-MASS,B-DIMENSION,-0.13829
938,B-MASS,I-DIMENSION,-0.249878
939,B-MASS,B-DISPLAY,-0.021299
940,B-MASS,I-DISPLAY,-0.014819
941,B-MASS,B-GENDER,-0.113883
942,B-MASS,I-GENDER,-0.012199
943,B-MASS,B-GRAPHIC,-0.035588
944,B-MASS,I-GRAPHIC,-0.02334
945,B-MASS,B-MASS,0.207271
946,B-MASS,I-MASS,3.042004
947,B-MASS,B-MATERIAL,-0.274653
948,B-MASS,I-MATERIAL,-0.071849
949,B-MASS,B-MEMORY,-0.018108
950,B-MASS,I-MEMORY,-0.016424
951,B-MASS,B-NAME,-0.389521
952,B-MASS,I-NAME,-0.113954
953,B-MASS,B-OS,-0.056957
954,B-MASS,I-OS,-0.027558
955,B-MASS,B-PROCESSOR,-0.036818
956,B-MASS,I-PROCESSOR,-0.034854
957,B-MASS,B-RAM,-0.120081
958,B-MASS,I-RAM,-0.048519
959,B-MASS,B-SHAPE,-0.086805
960,B-MASS,I-SHAPE,-0.038532
961,B-MASS,B-SIZE,-0.147882
962,B-MASS,I-SIZE,-0.074529
963,B-MASS,B-STORAGE,-0.02729
964,B-MASS,B-THEME,-0.231282
965,B-MASS,I-THEME,-0.079423
966,B-MASS,B-TYPE,-0.167764
967,B-MASS,I-TYPE,-0.183141
968,I-MASS,O,-0.096622
969,I-MASS,B-AGE,-0.034458
970,I-MASS,I-AGE,-0.014528
971,I-MASS,B-BRAND,-0.126233
972,I-MASS,I-BRAND,-0.031883
973,I-MASS,B-CAMERA,-0.006081
974,I-MASS,I-CAMERA,-0.007034
975,I-MASS,B-CAPACITY,-0.067005
976,I-MASS,I-CAPACITY,-0.014332
977,I-MASS,B-COLOR,-0.146877
978,I-MASS,I-COLOR,-0.015674
979,I-MASS,B-CPU,-0.006017
980,I-MASS,I-CPU,-0.005538
981,I-MASS,B-DIMENSION,-0.140232
982,I-MASS,I-DIMENSION,-0.053149
983,I-MASS,B-DISPLAY,-0.005337
984,I-MASS,I-DISPLAY,-0.0048
985,I-MASS,B-GENDER,-0.034381
986,I-MASS,I-GENDER,-0.004068
987,I-MASS,B-GRAPHIC,-0.007945
988,I-MASS,I-GRAPHIC,-0.010742
989,I-MASS,B-MASS,0.218312
990,I-MASS,I-MASS,0.739587
991,I-MASS,B-MATERIAL,-0.07467
992,I-MASS,I-MATERIAL,-0.028629
993,I-MASS,B-MEMORY,-0.006963
994,I-MASS,I-MEMORY,-0.005894
995,I-MASS,B-NAME,-0.146603
996,I-MASS,I-NAME,-0.04678
997,I-MASS,B-OS,-0.01256
998,I-MASS,I-OS,-0.008843
999,I-MASS,B-PROCESSOR,-0.010434
1000,I-MASS,I-PROCESSOR,-0.011781
1001,I-MASS,B-RAM,-0.035549
1002,I-MASS,I-RAM,-0.011139
1003,I-MASS,B-SHAPE,-0.028834
1004,I-MASS,I-SHAPE,-0.01575
1005,I-MASS,B-SIZE,-0.054488
1006,I-MASS,I-SIZE,-0.019397
1007,I-MASS,B-STORAGE,-0.010745
1008,I-MASS,B-THEME,-0.077252
1009,I-MASS,I-THEME,-0.029328
1010,I-MASS,B-TYPE,0.281037
1011,I-MASS,I-TYPE,-0.050049
1012,B-MATERIAL,O,0.305931
1013,B-MATERIAL,B-AGE,0.059803
1014,B-MATERIAL,I-AGE,-0.08529
1015,B-MATERIAL,B-BRAND,0.052601
1016,B-MATERIAL,I-BRAND,-0.299766
1017,B-MATERIAL,B-CAMERA,-0.028389
1018,B-MATERIAL,I-CAMERA,-0.057211
1019,B-MATERIAL,B-CAPACITY,-0.143992
1020,B-MATERIAL,I-CAPACITY,-0.041569
1021,B-MATERIAL,B-COLOR,0.242654
1022,B-MATERIAL,I-COLOR,-0.193118
1023,B-MATERIAL,B-CPU,-0.048296
1024,B-MATERIAL,I-CPU,-0.042933
1025,B-MATERIAL,B-DIMENSION,0.209269
1026,B-MATERIAL,I-DIMENSION,-0.113373
1027,B-MATERIAL,B-DISPLAY,-0.030163
1028,B-MATERIAL,I-DISPLAY,-0.029624
1029,B-MATERIAL,B-GENDER,0.444124
1030,B-MATERIAL,I-GENDER,-0.019977
1031,B-MATERIAL,B-GRAPHIC,-0.033678
1032,B-MATERIAL,I-GRAPHIC,-0.049102
1033,B-MATERIAL,B-MASS,-0.289005
1034,B-MATERIAL,I-MASS,-0.075137
1035,B-MATERIAL,B-MATERIAL,-0.252684
1036,B-MATERIAL,I-MATERIAL,3.589949
1037,B-MATERIAL,B-MEMORY,-0.033116
1038,B-MATERIAL,I-MEMORY,-0.026312
1039,B-MATERIAL,B-NAME,-0.212166
1040,B-MATERIAL,I-NAME,-0.374944
1041,B-MATERIAL,B-OS,-0.089093
1042,B-MATERIAL,I-OS,-0.054707
1043,B-MATERIAL,B-PROCESSOR,-0.081315
1044,B-MATERIAL,I-PROCESSOR,-0.095892
1045,B-MATERIAL,B-RAM,-0.080221
1046,B-MATERIAL,I-RAM,-0.048261
1047,B-MATERIAL,B-SHAPE,-0.192312
1048,B-MATERIAL,I-SHAPE,-0.129275
1049,B-MATERIAL,B-SIZE,-0.408647
1050,B-MATERIAL,I-SIZE,-0.140156
1051,B-MATERIAL,B-STORAGE,-0.038299
1052,B-MATERIAL,B-THEME,0.174534
1053,B-MATERIAL,I-THEME,-0.307033
1054,B-MATERIAL,B-TYPE,0.010407
1055,B-MATERIAL,I-TYPE,-0.405669
1056,I-MATERIAL,O,0.020625
1057,I-MATERIAL,B-AGE,-0.187629
1058,I-MATERIAL,I-AGE,-0.053683
1059,I-MATERIAL,B-BRAND,-0.271347
1060,I-MATERIAL,I-BRAND,-0.181292
1061,I-MATERIAL,B-CAMERA,-0.020332
1062,I-MATERIAL,I-CAMERA,-0.030398
1063,I-MATERIAL,B-CAPACITY,-0.112227
1064,I-MATERIAL,I-CAPACITY,-0.030828
1065,I-MATERIAL,B-COLOR,0.282786
1066,I-MATERIAL,I-COLOR,-0.112187
1067,I-MATERIAL,B-CPU,-0.027232
1068,I-MATERIAL,I-CPU,-0.024996
1069,I-MATERIAL,B-DIMENSION,-0.237232
1070,I-MATERIAL,I-DIMENSION,-0.081527
1071,I-MATERIAL,B-DISPLAY,-0.020117
1072,I-MATERIAL,I-DISPLAY,-0.018477
1073,I-MATERIAL,B-GENDER,0.018277
1074,I-MATERIAL,I-GENDER,-0.012945
1075,I-MATERIAL,B-GRAPHIC,-0.022477
1076,I-MATERIAL,I-GRAPHIC,-0.037987
1077,I-MATERIAL,B-MASS,-0.173243
1078,I-MATERIAL,I-MASS,-0.054327
1079,I-MATERIAL,B-MATERIAL,0.105399
1080,I-MATERIAL,I-MATERIAL,3.123888
1081,I-MATERIAL,B-MEMORY,-0.024274
1082,I-MATERIAL,I-MEMORY,-0.018536
1083,I-MATERIAL,B-NAME,-0.37981
1084,I-MATERIAL,I-NAME,-0.204972
1085,I-MATERIAL,B-OS,-0.050793
1086,I-MATERIAL,I-OS,-0.028835
1087,I-MATERIAL,B-PROCESSOR,-0.042214
1088,I-MATERIAL,I-PROCESSOR,-0.055255
1089,I-MATERIAL,B-RAM,-0.07462
1090,I-MATERIAL,I-RAM,-0.033207
1091,I-MATERIAL,B-SHAPE,-0.115144
1092,I-MATERIAL,I-SHAPE,-0.068266
1093,I-MATERIAL,B-SIZE,-0.259982
1094,I-MATERIAL,I-SIZE,-0.093682
1095,I-MATERIAL,B-STORAGE,-0.027644
1096,I-MATERIAL,B-THEME,-0.305532
1097,I-MATERIAL,I-THEME,-0.165538
1098,I-MATERIAL,B-TYPE,0.201965
1099,I-MATERIAL,I-TYPE,-0.236753
1100,B-MEMORY,O,-0.291443
1101,B-MEMORY,B-AGE,-0.01642
1102,B-MEMORY,I-AGE,-0.006598
1103,B-MEMORY,B-BRAND,-0.061378
1104,B-MEMORY,I-BRAND,-0.011054
1105,B-MEMORY,B-CAMERA,-0.007436
1106,B-MEMORY,I-CAMERA,-0.003187
1107,B-MEMORY,B-CAPACITY,-0.08937
1108,B-MEMORY,I-CAPACITY,-0.010675
1109,B-MEMORY,B-COLOR,-0.065962
1110,B-MEMORY,I-COLOR,-0.005793
1111,B-MEMORY,B-CPU,-0.003121
1112,B-MEMORY,I-CPU,-0.002271
1113,B-MEMORY,B-DIMENSION,-0.070445
1114,B-MEMORY,I-DIMENSION,-0.014717
1115,B-MEMORY,B-DISPLAY,-0.002841
1116,B-MEMORY,I-DISPLAY,-0.002333
1117,B-MEMORY,B-GENDER,-0.014018
1118,B-MEMORY,I-GENDER,-0.002124
1119,B-MEMORY,B-GRAPHIC,-0.006708
1120,B-MEMORY,I-GRAPHIC,-0.009114
1121,B-MEMORY,B-MASS,-0.031078
1122,B-MEMORY,I-MASS,-0.006759
1123,B-MEMORY,B-MATERIAL,-0.026421
1124,B-MEMORY,I-MATERIAL,-0.012342
1125,B-MEMORY,B-MEMORY,-0.005811
1126,B-MEMORY,I-MEMORY,0.787897
1127,B-MEMORY,B-NAME,-0.090129
1128,B-MEMORY,I-NAME,-0.017023
1129,B-MEMORY,B-OS,-0.014362
1130,B-MEMORY,I-OS,-0.003408
1131,B-MEMORY,B-PROCESSOR,-0.006622
1132,B-MEMORY,I-PROCESSOR,-0.005441
1133,B-MEMORY,B-RAM,-0.084029
1134,B-MEMORY,I-RAM,-0.014466
1135,B-MEMORY,B-SHAPE,-0.006888
1136,B-MEMORY,I-SHAPE,-0.005228
1137,B-MEMORY,B-SIZE,-0.032374
1138,B-MEMORY,I-SIZE,-0.008405
1139,B-MEMORY,B-STORAGE,-0.016106
1140,B-MEMORY,B-THEME,-0.025511
1141,B-MEMORY,I-THEME,-0.012387
1142,B-MEMORY,B-TYPE,0.152972
1143,B-MEMORY,I-TYPE,-0.021348
1144,I-MEMORY,O,0.06431
1145,I-MEMORY,B-AGE,-0.011921
1146,I-MEMORY,I-AGE,-0.005283
1147,I-MEMORY,B-BRAND,-0.063555
1148,I-MEMORY,I-BRAND,-0.010769
1149,I-MEMORY,B-CAMERA,-0.004888
1150,I-MEMORY,I-CAMERA,-0.002276
1151,I-MEMORY,B-CAPACITY,-0.023635
1152,I-MEMORY,I-CAPACITY,-0.006641
1153,I-MEMORY,B-COLOR,-0.062607
1154,I-MEMORY,I-COLOR,-0.005261
1155,I-MEMORY,B-CPU,-0.004214
1156,I-MEMORY,I-CPU,-0.001891
1157,I-MEMORY,B-DIMENSION,-0.028464
1158,I-MEMORY,I-DIMENSION,-0.010897
1159,I-MEMORY,B-DISPLAY,-0.002362
1160,I-MEMORY,I-DISPLAY,-0.001817
1161,I-MEMORY,B-GENDER,-0.013264
1162,I-MEMORY,I-GENDER,-0.00159
1163,I-MEMORY,B-GRAPHIC,-0.005811
1164,I-MEMORY,I-GRAPHIC,-0.005712
1165,I-MEMORY,B-MASS,-0.014402
1166,I-MEMORY,I-MASS,-0.005927
1167,I-MEMORY,B-MATERIAL,-0.024203
1168,I-MEMORY,I-MATERIAL,-0.010233
1169,I-MEMORY,B-MEMORY,0.396316
1170,I-MEMORY,I-MEMORY,-0.002712
1171,I-MEMORY,B-NAME,-0.069395
1172,I-MEMORY,I-NAME,-0.015054
1173,I-MEMORY,B-OS,-0.009153
1174,I-MEMORY,I-OS,-0.002364
1175,I-MEMORY,B-PROCESSOR,-0.004325
1176,I-MEMORY,I-PROCESSOR,-0.003775
1177,I-MEMORY,B-RAM,-0.01805
1178,I-MEMORY,I-RAM,-0.005883
1179,I-MEMORY,B-SHAPE,-0.005857
1180,I-MEMORY,I-SHAPE,-0.003866
1181,I-MEMORY,B-SIZE,-0.01971
1182,I-MEMORY,I-SIZE,-0.006665
1183,I-MEMORY,B-STORAGE,-0.004832
1184,I-MEMORY,B-THEME,-0.024236
1185,I-MEMORY,I-THEME,-0.010219
1186,I-MEMORY,B-TYPE,-0.180432
1187,I-MEMORY,I-TYPE,-0.021118
1188,B-NAME,O,0.029542
1189,B-NAME,B-AGE,-0.149225
1190,B-NAME,I-AGE,-0.171176
1191,B-NAME,B-BRAND,-0.017267
1192,B-NAME,I-BRAND,-0.462464
1193,B-NAME,B-CAMERA,-0.112435
1194,B-NAME,I-CAMERA,-0.098077
1195,B-NAME,B-CAPACITY,-0.055373
1196,B-NAME,I-CAPACITY,0.135516
1197,B-NAME,B-COLOR,0.628319
1198,B-NAME,I-COLOR,-0.2693
1199,B-NAME,B-CPU,0.245172
1200,B-NAME,I-CPU,-0.073811
1201,B-NAME,B-DIMENSION,-0.034945
1202,B-NAME,I-DIMENSION,-0.313471
1203,B-NAME,B-DISPLAY,-0.066793
1204,B-NAME,I-DISPLAY,-0.064343
1205,B-NAME,B-GENDER,-0.314685
1206,B-NAME,I-GENDER,-0.048853
1207,B-NAME,B-GRAPHIC,-0.11953
1208,B-NAME,I-GRAPHIC,-0.152298
1209,B-NAME,B-MASS,0.144643
1210,B-NAME,I-MASS,-0.185783
1211,B-NAME,B-MATERIAL,-0.539753
1212,B-NAME,I-MATERIAL,-0.426599
1213,B-NAME,B-MEMORY,-0.115976
1214,B-NAME,I-MEMORY,-0.089944
1215,B-NAME,B-NAME,-0.069088
1216,B-NAME,I-NAME,4.939538
1217,B-NAME,B-OS,0.07289
1218,B-NAME,I-OS,-0.10929
1219,B-NAME,B-PROCESSOR,0.359482
1220,B-NAME,I-PROCESSOR,-0.17566
1221,B-NAME,B-RAM,0.094912
1222,B-NAME,I-RAM,-0.175286
1223,B-NAME,B-SHAPE,0.344782
1224,B-NAME,I-SHAPE,-0.182851
1225,B-NAME,B-SIZE,-0.472459
1226,B-NAME,I-SIZE,-0.249731
1227,B-NAME,B-STORAGE,-0.179712
1228,B-NAME,B-THEME,-0.474153
1229,B-NAME,I-THEME,-0.458718
1230,B-NAME,B-TYPE,0.381484
1231,B-NAME,I-TYPE,-0.592362
1232,I-NAME,O,0.003247
1233,I-NAME,B-AGE,-0.055679
1234,I-NAME,I-AGE,-0.30847
1235,I-NAME,B-BRAND,0.0231
1236,I-NAME,I-BRAND,-0.558458
1237,I-NAME,B-CAMERA,0.500243
1238,I-NAME,I-CAMERA,-0.147396
1239,I-NAME,B-CAPACITY,0.837209
1240,I-NAME,I-CAPACITY,-0.391756
1241,I-NAME,B-COLOR,0.342454
1242,I-NAME,I-COLOR,-0.413545
1243,I-NAME,B-CPU,-0.141178
1244,I-NAME,I-CPU,-0.127252
1245,I-NAME,B-DIMENSION,1.047112
1246,I-NAME,I-DIMENSION,-0.542096
1247,I-NAME,B-DISPLAY,-0.110079
1248,I-NAME,I-DISPLAY,-0.094524
1249,I-NAME,B-GENDER,-0.422925
1250,I-NAME,I-GENDER,-0.071104
1251,I-NAME,B-GRAPHIC,-0.177202
1252,I-NAME,I-GRAPHIC,-0.19172
1253,I-NAME,B-MASS,0.960393
1254,I-NAME,I-MASS,-0.41509
1255,I-NAME,B-MATERIAL,0.078376
1256,I-NAME,I-MATERIAL,-0.50026
1257,I-NAME,B-MEMORY,-0.176366
1258,I-NAME,I-MEMORY,-0.120614
1259,I-NAME,B-NAME,-0.721542
1260,I-NAME,I-NAME,4.419214
1261,I-NAME,B-OS,-0.270632
1262,I-NAME,I-OS,-0.156998
1263,I-NAME,B-PROCESSOR,0.23279
1264,I-NAME,I-PROCESSOR,-0.303472
1265,I-NAME,B-RAM,-0.413774
1266,I-NAME,I-RAM,-0.301747
1267,I-NAME,B-SHAPE,-0.376387
1268,I-NAME,I-SHAPE,-0.253952
1269,I-NAME,B-SIZE,0.088226
1270,I-NAME,I-SIZE,-0.388195
1271,I-NAME,B-STORAGE,0.395072
1272,I-NAME,B-THEME,-0.075775
1273,I-NAME,I-THEME,-0.54911
1274,I-NAME,B-TYPE,0.321505
1275,I-NAME,I-TYPE,-0.718535
1276,B-OS,O,-0.455906
1277,B-OS,B-AGE,-0.041066
1278,B-OS,I-AGE,-0.015354
1279,B-OS,B-BRAND,-0.142655
1280,B-OS,I-BRAND,-0.033522
1281,B-OS,B-CAMERA,-0.010566
1282,B-OS,I-CAMERA,-0.010107
1283,B-OS,B-CAPACITY,-0.081135
1284,B-OS,I-CAPACITY,-0.0191
1285,B-OS,B-COLOR,0.071143
1286,B-OS,I-COLOR,-0.026068
1287,B-OS,B-CPU,-0.00828
1288,B-OS,I-CPU,-0.007108
1289,B-OS,B-DIMENSION,0.08088
1290,B-OS,I-DIMENSION,0.337924
1291,B-OS,B-DISPLAY,-0.00523
1292,B-OS,I-DISPLAY,-0.004971
1293,B-OS,B-GENDER,-0.052937
1294,B-OS,I-GENDER,-0.003786
1295,B-OS,B-GRAPHIC,-0.009627
1296,B-OS,I-GRAPHIC,-0.009563
1297,B-OS,B-MASS,-0.123552
1298,B-OS,I-MASS,-0.012022
1299,B-OS,B-MATERIAL,-0.083947
1300,B-OS,I-MATERIAL,-0.030529
1301,B-OS,B-MEMORY,-0.008589
1302,B-OS,I-MEMORY,-0.006416
1303,B-OS,B-NAME,-0.18807
1304,B-OS,I-NAME,-0.061025
1305,B-OS,B-OS,0.372119
1306,B-OS,I-OS,1.353316
1307,B-OS,B-PROCESSOR,-0.015989
1308,B-OS,I-PROCESSOR,-0.019666
1309,B-OS,B-RAM,-0.057965
1310,B-OS,I-RAM,-0.013554
1311,B-OS,B-SHAPE,-0.020368
1312,B-OS,I-SHAPE,-0.018107
1313,B-OS,B-SIZE,-0.086113
1314,B-OS,I-SIZE,-0.028122
1315,B-OS,B-STORAGE,-0.012202
1316,B-OS,B-THEME,-0.064786
1317,B-OS,I-THEME,-0.03954
1318,B-OS,B-TYPE,-0.199852
1319,B-OS,I-TYPE,-0.053625
1320,I-OS,O,-0.073303
1321,I-OS,B-AGE,-0.017997
1322,I-OS,I-AGE,-0.01317
1323,I-OS,B-BRAND,-0.091208
1324,I-OS,I-BRAND,-0.019527
1325,I-OS,B-CAMERA,-0.004569
1326,I-OS,I-CAMERA,-0.003659
1327,I-OS,B-CAPACITY,-0.017846
1328,I-OS,I-CAPACITY,-0.010196
1329,I-OS,B-COLOR,0.113259
1330,I-OS,I-COLOR,-0.016341
1331,I-OS,B-CPU,-0.004096
1332,I-OS,I-CPU,-0.003269
1333,I-OS,B-DIMENSION,-0.033507
1334,I-OS,I-DIMENSION,-0.023409
1335,I-OS,B-DISPLAY,-0.003553
1336,I-OS,I-DISPLAY,-0.002577
1337,I-OS,B-GENDER,-0.028962
1338,I-OS,I-GENDER,-0.001986
1339,I-OS,B-GRAPHIC,-0.004306
1340,I-OS,I-GRAPHIC,-0.004445
1341,I-OS,B-MASS,-0.022814
1342,I-OS,I-MASS,-0.015583
1343,I-OS,B-MATERIAL,-0.053751
1344,I-OS,I-MATERIAL,-0.014625
1345,I-OS,B-MEMORY,-0.003112
1346,I-OS,I-MEMORY,-0.002654
1347,I-OS,B-NAME,-0.09266
1348,I-OS,I-NAME,-0.026713
1349,I-OS,B-OS,-0.011281
1350,I-OS,I-OS,0.395677
1351,I-OS,B-PROCESSOR,-0.006444
1352,I-OS,I-PROCESSOR,-0.006794
1353,I-OS,B-RAM,-0.013618
1354,I-OS,I-RAM,-0.00616
1355,I-OS,B-SHAPE,-0.015193
1356,I-OS,I-SHAPE,-0.007527
1357,I-OS,B-SIZE,-0.031959
1358,I-OS,I-SIZE,-0.011697
1359,I-OS,B-STORAGE,-0.003977
1360,I-OS,B-THEME,-0.044426
1361,I-OS,I-THEME,-0.016721
1362,I-OS,B-TYPE,-0.00037
1363,I-OS,I-TYPE,-0.034693
1364,B-PROCESSOR,O,-0.540522
1365,B-PROCESSOR,B-AGE,-0.036401
1366,B-PROCESSOR,I-AGE,-0.01414
1367,B-PROCESSOR,B-BRAND,-0.132655
1368,B-PROCESSOR,I-BRAND,-0.02834
1369,B-PROCESSOR,B-CAMERA,-0.011835
1370,B-PROCESSOR,I-CAMERA,-0.008019
1371,B-PROCESSOR,B-CAPACITY,-0.109305
1372,B-PROCESSOR,I-CAPACITY,-0.019646
1373,B-PROCESSOR,B-COLOR,-0.15465
1374,B-PROCESSOR,I-COLOR,-0.019715
1375,B-PROCESSOR,B-CPU,-0.007806
1376,B-PROCESSOR,I-CPU,-0.01956
1377,B-PROCESSOR,B-DIMENSION,-0.118954
1378,B-PROCESSOR,I-DIMENSION,-0.027118
1379,B-PROCESSOR,B-DISPLAY,-0.005471
1380,B-PROCESSOR,I-DISPLAY,-0.004439
1381,B-PROCESSOR,B-GENDER,-0.043752
1382,B-PROCESSOR,I-GENDER,-0.003448
1383,B-PROCESSOR,B-GRAPHIC,-0.010251
1384,B-PROCESSOR,I-GRAPHIC,-0.013197
1385,B-PROCESSOR,B-MASS,-0.084773
1386,B-PROCESSOR,I-MASS,-0.012764
1387,B-PROCESSOR,B-MATERIAL,-0.071178
1388,B-PROCESSOR,I-MATERIAL,-0.025479
1389,B-PROCESSOR,B-MEMORY,-0.011424
1390,B-PROCESSOR,I-MEMORY,-0.006846
1391,B-PROCESSOR,B-NAME,0.147247
1392,B-PROCESSOR,I-NAME,-0.044185
1393,B-PROCESSOR,B-OS,-0.019375
1394,B-PROCESSOR,I-OS,-0.008476
1395,B-PROCESSOR,B-PROCESSOR,-0.018766
1396,B-PROCESSOR,I-PROCESSOR,1.795607
1397,B-PROCESSOR,B-RAM,0.683409
1398,B-PROCESSOR,I-RAM,-0.019334
1399,B-PROCESSOR,B-SHAPE,-0.017378
1400,B-PROCESSOR,I-SHAPE,-0.013556
1401,B-PROCESSOR,B-SIZE,-0.080221
1402,B-PROCESSOR,I-SIZE,-0.023077
1403,B-PROCESSOR,B-STORAGE,-0.016704
1404,B-PROCESSOR,B-THEME,-0.064414
1405,B-PROCESSOR,I-THEME,-0.032271
1406,B-PROCESSOR,B-TYPE,-0.36515
1407,B-PROCESSOR,I-TYPE,-0.043196
1408,I-PROCESSOR,O,-0.283448
1409,I-PROCESSOR,B-AGE,-0.034691
1410,I-PROCESSOR,I-AGE,-0.01437
1411,I-PROCESSOR,B-BRAND,-0.138457
1412,I-PROCESSOR,I-BRAND,-0.028197
1413,I-PROCESSOR,B-CAMERA,-0.008884
1414,I-PROCESSOR,I-CAMERA,-0.007739
1415,I-PROCESSOR,B-CAPACITY,-0.092687
1416,I-PROCESSOR,I-CAPACITY,-0.019054
1417,I-PROCESSOR,B-COLOR,-0.163827
1418,I-PROCESSOR,I-COLOR,-0.018566
1419,I-PROCESSOR,B-CPU,-0.006303
1420,I-PROCESSOR,I-CPU,-0.005782
1421,I-PROCESSOR,B-DIMENSION,-0.131449
1422,I-PROCESSOR,I-DIMENSION,-0.029019
1423,I-PROCESSOR,B-DISPLAY,-0.005036
1424,I-PROCESSOR,I-DISPLAY,-0.004334
1425,I-PROCESSOR,B-GENDER,-0.042615
1426,I-PROCESSOR,I-GENDER,-0.003357
1427,I-PROCESSOR,B-GRAPHIC,-0.0097
1428,I-PROCESSOR,I-GRAPHIC,-0.019007
1429,I-PROCESSOR,B-MASS,-0.096821
1430,I-PROCESSOR,I-MASS,-0.01512
1431,I-PROCESSOR,B-MATERIAL,-0.073287
1432,I-PROCESSOR,I-MATERIAL,-0.024359
1433,I-PROCESSOR,B-MEMORY,-0.014054
1434,I-PROCESSOR,I-MEMORY,-0.0063
1435,I-PROCESSOR,B-NAME,0.151434
1436,I-PROCESSOR,I-NAME,-0.043122
1437,I-PROCESSOR,B-OS,-0.017607
1438,I-PROCESSOR,I-OS,-0.008368
1439,I-PROCESSOR,B-PROCESSOR,-0.02049
1440,I-PROCESSOR,I-PROCESSOR,1.188314
1441,I-PROCESSOR,B-RAM,1.040021
1442,I-PROCESSOR,I-RAM,-0.021729
1443,I-PROCESSOR,B-SHAPE,-0.017767
1444,I-PROCESSOR,I-SHAPE,-0.012856
1445,I-PROCESSOR,B-SIZE,-0.071735
1446,I-PROCESSOR,I-SIZE,-0.020131
1447,I-PROCESSOR,B-STORAGE,-0.02063
1448,I-PROCESSOR,B-THEME,-0.063789
1449,I-PROCESSOR,I-THEME,-0.034175
1450,I-PROCESSOR,B-TYPE,-0.385009
1451,I-PROCESSOR,I-TYPE,-0.043973
1452,B-RAM,O,-0.207084
1453,B-RAM,B-AGE,-0.051097
1454,B-RAM,I-AGE,-0.051328
1455,B-RAM,B-BRAND,-0.229467
1456,B-RAM,I-BRAND,-0.036777
1457,B-RAM,B-CAMERA,-0.077722
1458,B-RAM,I-CAMERA,-0.014752
1459,B-RAM,B-CAPACITY,-0.124372
1460,B-RAM,I-CAPACITY,-0.098059
1461,B-RAM,B-COLOR,-0.089814
1462,B-RAM,I-COLOR,-0.037851
1463,B-RAM,B-CPU,0.327169
1464,B-RAM,I-CPU,-0.010628
1465,B-RAM,B-DIMENSION,0.267092
1466,B-RAM,I-DIMENSION,-0.106569
1467,B-RAM,B-DISPLAY,-0.018381
1468,B-RAM,I-DISPLAY,-0.011116
1469,B-RAM,B-GENDER,-0.047781
1470,B-RAM,I-GENDER,-0.010514
1471,B-RAM,B-GRAPHIC,0.623331
1472,B-RAM,I-GRAPHIC,-0.040819
1473,B-RAM,B-MASS,-0.063958
1474,B-RAM,I-MASS,-0.043817
1475,B-RAM,B-MATERIAL,-0.107398
1476,B-RAM,I-MATERIAL,-0.049944
1477,B-RAM,B-MEMORY,-0.045161
1478,B-RAM,I-MEMORY,-0.023717
1479,B-RAM,B-NAME,-0.353552
1480,B-RAM,I-NAME,-0.039507
1481,B-RAM,B-OS,-0.18489
1482,B-RAM,I-OS,-0.015965
1483,B-RAM,B-PROCESSOR,-0.035146
1484,B-RAM,I-PROCESSOR,-0.022173
1485,B-RAM,B-RAM,0.040121
1486,B-RAM,I-RAM,2.163364
1487,B-RAM,B-SHAPE,-0.035721
1488,B-RAM,I-SHAPE,-0.023304
1489,B-RAM,B-SIZE,-0.108517
1490,B-RAM,I-SIZE,-0.048779
1491,B-RAM,B-STORAGE,-0.048319
1492,B-RAM,B-THEME,-0.090563
1493,B-RAM,I-THEME,-0.0401
1494,B-RAM,B-TYPE,-0.612967
1495,B-RAM,I-TYPE,-0.089206
1496,I-RAM,O,-0.178582
1497,I-RAM,B-AGE,-0.027345
1498,I-RAM,I-AGE,-0.012926
1499,I-RAM,B-BRAND,-0.144958
1500,I-RAM,I-BRAND,-0.024437
1501,I-RAM,B-CAMERA,0.383246
1502,I-RAM,I-CAMERA,-0.005947
1503,I-RAM,B-CAPACITY,0.654423
1504,I-RAM,I-CAPACITY,-0.019428
1505,I-RAM,B-COLOR,0.039924
1506,I-RAM,I-COLOR,-0.015063
1507,I-RAM,B-CPU,-0.012727
1508,I-RAM,I-CPU,-0.004469
1509,I-RAM,B-DIMENSION,0.254742
1510,I-RAM,I-DIMENSION,-0.029268
1511,I-RAM,B-DISPLAY,-0.005058
1512,I-RAM,I-DISPLAY,-0.003917
1513,I-RAM,B-GENDER,-0.031535
1514,I-RAM,I-GENDER,-0.003292
1515,I-RAM,B-GRAPHIC,-0.014283
1516,I-RAM,I-GRAPHIC,-0.023862
1517,I-RAM,B-MASS,-0.041368
1518,I-RAM,I-MASS,-0.012415
1519,I-RAM,B-MATERIAL,-0.05617
1520,I-RAM,I-MATERIAL,-0.024145
1521,I-RAM,B-MEMORY,-0.008594
1522,I-RAM,I-MEMORY,-0.007889
1523,I-RAM,B-NAME,-0.159849
1524,I-RAM,I-NAME,-0.030677
1525,I-RAM,B-OS,-0.059664
1526,I-RAM,I-OS,-0.0061
1527,I-RAM,B-PROCESSOR,-0.014387
1528,I-RAM,I-PROCESSOR,-0.00948
1529,I-RAM,B-RAM,-0.075872
1530,I-RAM,I-RAM,0.366665
1531,I-RAM,B-SHAPE,-0.016458
1532,I-RAM,I-SHAPE,-0.009623
1533,I-RAM,B-SIZE,-0.048974
1534,I-RAM,I-SIZE,-0.016144
1535,I-RAM,B-STORAGE,-0.019497
1536,I-RAM,B-THEME,-0.057543
1537,I-RAM,I-THEME,-0.023197
1538,I-RAM,B-TYPE,-0.364978
1539,I-RAM,I-TYPE,-0.041051
1540,B-SHAPE,O,-0.983249
1541,B-SHAPE,B-AGE,-0.087544
1542,B-SHAPE,I-AGE,-0.024731
1543,B-SHAPE,B-BRAND,-0.33223
1544,B-SHAPE,I-BRAND,-0.085638
1545,B-SHAPE,B-CAMERA,-0.008685
1546,B-SHAPE,I-CAMERA,-0.015348
1547,B-SHAPE,B-CAPACITY,-0.056737
1548,B-SHAPE,I-CAPACITY,-0.013355
1549,B-SHAPE,B-COLOR,-0.163183
1550,B-SHAPE,I-COLOR,-0.054047
1551,B-SHAPE,B-CPU,-0.013293
1552,B-SHAPE,I-CPU,-0.012515
1553,B-SHAPE,B-DIMENSION,-0.142237
1554,B-SHAPE,I-DIMENSION,-0.037265
1555,B-SHAPE,B-DISPLAY,-0.008149
1556,B-SHAPE,I-DISPLAY,-0.007842
1557,B-SHAPE,B-GENDER,-0.149269
1558,B-SHAPE,I-GENDER,-0.005284
1559,B-SHAPE,B-GRAPHIC,-0.009148
1560,B-SHAPE,I-GRAPHIC,-0.01311
1561,B-SHAPE,B-MASS,0.245045
1562,B-SHAPE,I-MASS,-0.022041
1563,B-SHAPE,B-MATERIAL,0.1004
1564,B-SHAPE,I-MATERIAL,-0.066267
1565,B-SHAPE,B-MEMORY,-0.009053
1566,B-SHAPE,I-MEMORY,-0.006969
1567,B-SHAPE,B-NAME,-0.319646
1568,B-SHAPE,I-NAME,-0.117206
1569,B-SHAPE,B-OS,-0.027622
1570,B-SHAPE,I-OS,-0.015068
1571,B-SHAPE,B-PROCESSOR,-0.024008
1572,B-SHAPE,I-PROCESSOR,-0.029507
1573,B-SHAPE,B-RAM,-0.033305
1574,B-SHAPE,I-RAM,-0.013467
1575,B-SHAPE,B-SHAPE,-0.055128
1576,B-SHAPE,I-SHAPE,3.141848
1577,B-SHAPE,B-SIZE,0.188834
1578,B-SHAPE,I-SIZE,-0.04192
1579,B-SHAPE,B-STORAGE,-0.010527
1580,B-SHAPE,B-THEME,-0.180287
1581,B-SHAPE,I-THEME,-0.084326
1582,B-SHAPE,B-TYPE,-0.475905
1583,B-SHAPE,I-TYPE,-0.129026
1584,I-SHAPE,O,-0.383629
1585,I-SHAPE,B-AGE,-0.038393
1586,I-SHAPE,I-AGE,-0.013673
1587,I-SHAPE,B-BRAND,-0.157468
1588,I-SHAPE,I-BRAND,-0.038357
1589,I-SHAPE,B-CAMERA,-0.005609
1590,I-SHAPE,I-CAMERA,-0.00711
1591,I-SHAPE,B-CAPACITY,-0.032786
1592,I-SHAPE,I-CAPACITY,-0.009237
1593,I-SHAPE,B-COLOR,-0.217042
1594,I-SHAPE,I-COLOR,-0.025324
1595,I-SHAPE,B-CPU,-0.006559
1596,I-SHAPE,I-CPU,-0.005985
1597,I-SHAPE,B-DIMENSION,-0.078192
1598,I-SHAPE,I-DIMENSION,-0.0227
1599,I-SHAPE,B-DISPLAY,-0.004802
1600,I-SHAPE,I-DISPLAY,-0.004271
1601,I-SHAPE,B-GENDER,-0.060179
1602,I-SHAPE,I-GENDER,-0.003194
1603,I-SHAPE,B-GRAPHIC,-0.005579
1604,I-SHAPE,I-GRAPHIC,-0.007141
1605,I-SHAPE,B-MASS,-0.056684
1606,I-SHAPE,I-MASS,-0.013068
1607,I-SHAPE,B-MATERIAL,0.834071
1608,I-SHAPE,I-MATERIAL,-0.031773
1609,I-SHAPE,B-MEMORY,-0.005169
1610,I-SHAPE,I-MEMORY,-0.004048
1611,I-SHAPE,B-NAME,-0.153475
1612,I-SHAPE,I-NAME,-0.052796
1613,I-SHAPE,B-OS,-0.014945
1614,I-SHAPE,I-OS,-0.00746
1615,I-SHAPE,B-PROCESSOR,-0.011015
1616,I-SHAPE,I-PROCESSOR,-0.013267
1617,I-SHAPE,B-RAM,-0.023265
1618,I-SHAPE,I-RAM,-0.008014
1619,I-SHAPE,B-SHAPE,-0.026208
1620,I-SHAPE,I-SHAPE,0.739455
1621,I-SHAPE,B-SIZE,-0.063555
1622,I-SHAPE,I-SIZE,-0.021754
1623,I-SHAPE,B-STORAGE,-0.006479
1624,I-SHAPE,B-THEME,-0.085186
1625,I-SHAPE,I-THEME,-0.036357
1626,I-SHAPE,B-TYPE,0.190942
1627,I-SHAPE,I-TYPE,-0.061392
1628,B-SIZE,O,0.293913
1629,B-SIZE,B-AGE,-0.165893
1630,B-SIZE,I-AGE,-0.096066
1631,B-SIZE,B-BRAND,-0.363712
1632,B-SIZE,I-BRAND,-0.174248
1633,B-SIZE,B-CAMERA,-0.040936
1634,B-SIZE,I-CAMERA,-0.035064
1635,B-SIZE,B-CAPACITY,-0.16988
1636,B-SIZE,I-CAPACITY,-0.097159
1637,B-SIZE,B-COLOR,-0.223017
1638,B-SIZE,I-COLOR,-0.153829
1639,B-SIZE,B-CPU,-0.03602
1640,B-SIZE,I-CPU,-0.027244
1641,B-SIZE,B-DIMENSION,-0.200396
1642,B-SIZE,I-DIMENSION,-0.210135
1643,B-SIZE,B-DISPLAY,-0.025783
1644,B-SIZE,I-DISPLAY,-0.021642
1645,B-SIZE,B-GENDER,0.038142
1646,B-SIZE,I-GENDER,-0.015815
1647,B-SIZE,B-GRAPHIC,-0.040509
1648,B-SIZE,I-GRAPHIC,-0.039548
1649,B-SIZE,B-MASS,-0.250848
1650,B-SIZE,I-MASS,-0.103982
1651,B-SIZE,B-MATERIAL,0.196768
1652,B-SIZE,I-MATERIAL,-0.175362
1653,B-SIZE,B-MEMORY,-0.032449
1654,B-SIZE,I-MEMORY,-0.02416
1655,B-SIZE,B-NAME,-0.678218
1656,B-SIZE,I-NAME,-0.227978
1657,B-SIZE,B-OS,-0.0818
1658,B-SIZE,I-OS,-0.038041
1659,B-SIZE,B-PROCESSOR,-0.060825
1660,B-SIZE,I-PROCESSOR,-0.058585
1661,B-SIZE,B-RAM,0.201927
1662,B-SIZE,I-RAM,-0.060546
1663,B-SIZE,B-SHAPE,-0.10862
1664,B-SIZE,I-SHAPE,-0.076862
1665,B-SIZE,B-SIZE,1.473342
1666,B-SIZE,I-SIZE,2.847878
1667,B-SIZE,B-STORAGE,-0.039465
1668,B-SIZE,B-THEME,0.24073
1669,B-SIZE,I-THEME,-0.181979
1670,B-SIZE,B-TYPE,-0.100284
1671,B-SIZE,I-TYPE,-0.286417
1672,I-SIZE,O,-0.176124
1673,I-SIZE,B-AGE,-0.073637
1674,I-SIZE,I-AGE,-0.039071
1675,I-SIZE,B-BRAND,0.014699
1676,I-SIZE,I-BRAND,-0.050878
1677,I-SIZE,B-CAMERA,-0.012812
1678,I-SIZE,I-CAMERA,-0.012333
1679,I-SIZE,B-CAPACITY,-0.124585
1680,I-SIZE,I-CAPACITY,-0.047383
1681,I-SIZE,B-COLOR,-0.277534
1682,I-SIZE,I-COLOR,-0.028525
1683,I-SIZE,B-CPU,-0.01088
1684,I-SIZE,I-CPU,-0.009088
1685,I-SIZE,B-DIMENSION,0.318483
1686,I-SIZE,I-DIMENSION,-0.076329
1687,I-SIZE,B-DISPLAY,-0.011152
1688,I-SIZE,I-DISPLAY,-0.008396
1689,I-SIZE,B-GENDER,-0.070283
1690,I-SIZE,I-GENDER,-0.006571
1691,I-SIZE,B-GRAPHIC,-0.017178
1692,I-SIZE,I-GRAPHIC,-0.021738
1693,I-SIZE,B-MASS,-0.147686
1694,I-SIZE,I-MASS,-0.037679
1695,I-SIZE,B-MATERIAL,-0.128862
1696,I-SIZE,I-MATERIAL,-0.051746
1697,I-SIZE,B-MEMORY,-0.015379
1698,I-SIZE,I-MEMORY,-0.012253
1699,I-SIZE,B-NAME,-0.003955
1700,I-SIZE,I-NAME,-0.088814
1701,I-SIZE,B-OS,-0.024894
1702,I-SIZE,I-OS,-0.014851
1703,I-SIZE,B-PROCESSOR,-0.019705
1704,I-SIZE,I-PROCESSOR,-0.023087
1705,I-SIZE,B-RAM,-0.091717
1706,I-SIZE,I-RAM,-0.026295
1707,I-SIZE,B-SHAPE,-0.031556
1708,I-SIZE,I-SHAPE,-0.023478
1709,I-SIZE,B-SIZE,-0.24456
1710,I-SIZE,I-SIZE,2.305401
1711,I-SIZE,B-STORAGE,-0.024214
1712,I-SIZE,B-THEME,-0.118041
1713,I-SIZE,I-THEME,-0.055466
1714,I-SIZE,B-TYPE,-0.093286
1715,I-SIZE,I-TYPE,-0.079553
1716,B-STORAGE,O,0.384819
1717,B-STORAGE,B-AGE,-0.017262
1718,B-STORAGE,I-AGE,-0.01025
1719,B-STORAGE,B-BRAND,-0.101997
1720,B-STORAGE,I-BRAND,-0.016568
1721,B-STORAGE,B-CAMERA,-0.008237
1722,B-STORAGE,I-CAMERA,-0.003197
1723,B-STORAGE,B-CAPACITY,-0.03269
1724,B-STORAGE,I-CAPACITY,-0.011683
1725,B-STORAGE,B-COLOR,0.515031
1726,B-STORAGE,I-COLOR,-0.010358
1727,B-STORAGE,B-CPU,-0.005994
1728,B-STORAGE,I-CPU,-0.002822
1729,B-STORAGE,B-DIMENSION,-0.038549
1730,B-STORAGE,I-DIMENSION,-0.019259
1731,B-STORAGE,B-DISPLAY,-0.003949
1732,B-STORAGE,I-DISPLAY,-0.002816
1733,B-STORAGE,B-GENDER,-0.020231
1734,B-STORAGE,I-GENDER,-0.002383
1735,B-STORAGE,B-GRAPHIC,-0.009304
1736,B-STORAGE,I-GRAPHIC,-0.007817
1737,B-STORAGE,B-MASS,-0.015656
1738,B-STORAGE,I-MASS,-0.011172
1739,B-STORAGE,B-MATERIAL,-0.038302
1740,B-STORAGE,I-MATERIAL,-0.015685
1741,B-STORAGE,B-MEMORY,-0.00617
1742,B-STORAGE,I-MEMORY,-0.003925
1743,B-STORAGE,B-NAME,-0.107147
1744,B-STORAGE,I-NAME,-0.019593
1745,B-STORAGE,B-OS,-0.032122
1746,B-STORAGE,I-OS,-0.00342
1747,B-STORAGE,B-PROCESSOR,-0.008212
1748,B-STORAGE,I-PROCESSOR,-0.005556
1749,B-STORAGE,B-RAM,-0.024721
1750,B-STORAGE,I-RAM,-0.012777
1751,B-STORAGE,B-SHAPE,-0.010737
1752,B-STORAGE,I-SHAPE,-0.005903
1753,B-STORAGE,B-SIZE,-0.028677
1754,B-STORAGE,I-SIZE,-0.010832
1755,B-STORAGE,B-STORAGE,-0.006302
1756,B-STORAGE,B-THEME,-0.037207
1757,B-STORAGE,I-THEME,-0.01473
1758,B-STORAGE,B-TYPE,-0.282926
1759,B-STORAGE,I-TYPE,-0.031199
1760,B-THEME,O,-0.325305
1761,B-THEME,B-AGE,0.206029
1762,B-THEME,I-AGE,-0.07338
1763,B-THEME,B-BRAND,0.335212
1764,B-THEME,I-BRAND,-0.24471
1765,B-THEME,B-CAMERA,-0.025583
1766,B-THEME,I-CAMERA,-0.044399
1767,B-THEME,B-CAPACITY,-0.164355
1768,B-THEME,I-CAPACITY,-0.03872
1769,B-THEME,B-COLOR,-0.628766
1770,B-THEME,I-COLOR,-0.137343
1771,B-THEME,B-CPU,-0.039497
1772,B-THEME,I-CPU,-0.035968
1773,B-THEME,B-DIMENSION,0.407412
1774,B-THEME,I-DIMENSION,-0.112701
1775,B-THEME,B-DISPLAY,-0.026692
1776,B-THEME,I-DISPLAY,-0.025597
1777,B-THEME,B-GENDER,-0.092813
1778,B-THEME,I-GENDER,-0.018081
1779,B-THEME,B-GRAPHIC,-0.032313
1780,B-THEME,I-GRAPHIC,-0.05716
1781,B-THEME,B-MASS,-0.305855
1782,B-THEME,I-MASS,-0.070699
1783,B-THEME,B-MATERIAL,-0.510492
1784,B-THEME,I-MATERIAL,-0.203527
1785,B-THEME,B-MEMORY,-0.032354
1786,B-THEME,I-MEMORY,-0.025653
1787,B-THEME,B-NAME,-0.072749
1788,B-THEME,I-NAME,-0.314549
1789,B-THEME,B-OS,-0.078829
1790,B-THEME,I-OS,-0.04379
1791,B-THEME,B-PROCESSOR,-0.079134
1792,B-THEME,I-PROCESSOR,-0.086419
1793,B-THEME,B-RAM,-0.082872
1794,B-THEME,I-RAM,-0.04391
1795,B-THEME,B-SHAPE,-0.145455
1796,B-THEME,I-SHAPE,-0.097275
1797,B-THEME,B-SIZE,-0.026862
1798,B-THEME,I-SIZE,-0.117582
1799,B-THEME,B-STORAGE,-0.037275
1800,B-THEME,B-THEME,0.811599
1801,B-THEME,I-THEME,3.812853
1802,B-THEME,B-TYPE,0.055281
1803,B-THEME,I-TYPE,-0.329736
1804,I-THEME,O,-0.018987
1805,I-THEME,B-AGE,0.119034
1806,I-THEME,I-AGE,-0.076022
1807,I-THEME,B-BRAND,-0.599413
1808,I-THEME,I-BRAND,-0.186535
1809,I-THEME,B-CAMERA,-0.024361
1810,I-THEME,I-CAMERA,-0.03562
1811,I-THEME,B-CAPACITY,0.113179
1812,I-THEME,I-CAPACITY,-0.043914
1813,I-THEME,B-COLOR,0.519773
1814,I-THEME,I-COLOR,-0.133635
1815,I-THEME,B-CPU,-0.031701
1816,I-THEME,I-CPU,-0.027889
1817,I-THEME,B-DIMENSION,-0.155514
1818,I-THEME,I-DIMENSION,-0.093474
1819,I-THEME,B-DISPLAY,-0.021286
1820,I-THEME,I-DISPLAY,-0.02046
1821,I-THEME,B-GENDER,-0.250577
1822,I-THEME,I-GENDER,-0.014544
1823,I-THEME,B-GRAPHIC,-0.027895
1824,I-THEME,I-GRAPHIC,-0.040105
1825,I-THEME,B-MASS,-0.260845
1826,I-THEME,I-MASS,-0.06003
1827,I-THEME,B-MATERIAL,-0.389883
1828,I-THEME,I-MATERIAL,-0.155436
1829,I-THEME,B-MEMORY,-0.028007
1830,I-THEME,I-MEMORY,-0.02785
1831,I-THEME,B-NAME,-0.619063
1832,I-THEME,I-NAME,-0.252435
1833,I-THEME,B-OS,-0.066274
1834,I-THEME,I-OS,-0.035354
1835,I-THEME,B-PROCESSOR,-0.05438
1836,I-THEME,I-PROCESSOR,-0.066691
1837,I-THEME,B-RAM,-0.138664
1838,I-THEME,I-RAM,-0.04105
1839,I-THEME,B-SHAPE,-0.120922
1840,I-THEME,I-SHAPE,-0.07669
1841,I-THEME,B-SIZE,-0.305024
1842,I-THEME,I-SIZE,-0.10204
1843,I-THEME,B-STORAGE,-0.039594
1844,I-THEME,B-THEME,0.404461
1845,I-THEME,I-THEME,3.937936
1846,I-THEME,B-TYPE,0.110408
1847,I-THEME,I-TYPE,-0.258367
1848,B-TYPE,O,-0.09572
1849,B-TYPE,B-AGE,0.437302
1850,B-TYPE,I-AGE,-0.332733
1851,B-TYPE,B-BRAND,1.064955
1852,B-TYPE,I-BRAND,-0.849288
1853,B-TYPE,B-CAMERA,-0.134518
1854,B-TYPE,I-CAMERA,-0.237807
1855,B-TYPE,B-CAPACITY,0.354241
1856,B-TYPE,I-CAPACITY,-0.184913
1857,B-TYPE,B-COLOR,-0.131398
1858,B-TYPE,I-COLOR,-0.565673
1859,B-TYPE,B-CPU,-0.201113
1860,B-TYPE,I-CPU,-0.180984
1861,B-TYPE,B-DIMENSION,-0.365393
1862,B-TYPE,I-DIMENSION,-0.417463
1863,B-TYPE,B-DISPLAY,-0.140938
1864,B-TYPE,I-DISPLAY,-0.135639
1865,B-TYPE,B-GENDER,0.499312
1866,B-TYPE,I-GENDER,-0.096059
1867,B-TYPE,B-GRAPHIC,-0.162753
1868,B-TYPE,I-GRAPHIC,-0.247628
1869,B-TYPE,B-MASS,0.325193
1870,B-TYPE,I-MASS,-0.288526
1871,B-TYPE,B-MATERIAL,0.641054
1872,B-TYPE,I-MATERIAL,-0.743206
1873,B-TYPE,B-MEMORY,-0.166615
1874,B-TYPE,I-MEMORY,-0.134413
1875,B-TYPE,B-NAME,0.402447
1876,B-TYPE,I-NAME,-0.984274
1877,B-TYPE,B-OS,-0.33743
1878,B-TYPE,I-OS,-0.22235
1879,B-TYPE,B-PROCESSOR,0.400623
1880,B-TYPE,I-PROCESSOR,-0.348069
1881,B-TYPE,B-RAM,-0.057312
1882,B-TYPE,I-RAM,-0.222536
1883,B-TYPE,B-SHAPE,0.648799
1884,B-TYPE,I-SHAPE,-0.474189
1885,B-TYPE,B-SIZE,0.189453
1886,B-TYPE,I-SIZE,-0.494197
1887,B-TYPE,B-STORAGE,0.140077
1888,B-TYPE,B-THEME,0.592431
1889,B-TYPE,I-THEME,-0.856101
1890,B-TYPE,B-TYPE,-0.078893
1891,B-TYPE,I-TYPE,5.083211
1892,I-TYPE,O,0.553148
1893,I-TYPE,B-AGE,0.415543
1894,I-TYPE,I-AGE,-0.440599
1895,I-TYPE,B-BRAND,1.075432
1896,I-TYPE,I-BRAND,-0.926884
1897,I-TYPE,B-CAMERA,-0.19049
1898,I-TYPE,I-CAMERA,-0.300887
1899,I-TYPE,B-CAPACITY,-0.118416
1900,I-TYPE,I-CAPACITY,-0.275267
1901,I-TYPE,B-COLOR,0.467948
1902,I-TYPE,I-COLOR,-0.66249
1903,I-TYPE,B-CPU,-0.254935
1904,I-TYPE,I-CPU,-0.238898
1905,I-TYPE,B-DIMENSION,0.592215
1906,I-TYPE,I-DIMENSION,-0.610077
1907,I-TYPE,B-DISPLAY,-0.190809
1908,I-TYPE,I-DISPLAY,-0.185706
1909,I-TYPE,B-GENDER,0.304786
1910,I-TYPE,I-GENDER,-0.137197
1911,I-TYPE,B-GRAPHIC,-0.226564
1912,I-TYPE,I-GRAPHIC,-0.312882
1913,I-TYPE,B-MASS,0.533488
1914,I-TYPE,I-MASS,-0.432414
1915,I-TYPE,B-MATERIAL,0.621949
1916,I-TYPE,I-MATERIAL,-0.84713
1917,I-TYPE,B-MEMORY,0.094225
1918,I-TYPE,I-MEMORY,-0.189855
1919,I-TYPE,B-NAME,0.952199
1920,I-TYPE,I-NAME,-1.143188
1921,I-TYPE,B-OS,-0.388575
1922,I-TYPE,I-OS,-0.300352
1923,I-TYPE,B-PROCESSOR,-0.376931
1924,I-TYPE,I-PROCESSOR,-0.449057
1925,I-TYPE,B-RAM,-0.312977
1926,I-TYPE,I-RAM,-0.299728
1927,I-TYPE,B-SHAPE,0.299408
1928,I-TYPE,I-SHAPE,-0.557665
1929,I-TYPE,B-SIZE,0.23233
1930,I-TYPE,I-SIZE,-0.621712
1931,I-TYPE,B-STORAGE,-0.268896
1932,I-TYPE,B-THEME,0.528493
1933,I-TYPE,I-THEME,-0.96556
1934,I-TYPE,B-TYPE,0.656189
1935,I-TYPE,I-TYPE,4.537867
